id,return_picking_type_id/id
Jinasena_MasterData_Stock.stock_picking_type_consignment_wh_cg,Jinasena_MasterData_Stock.stock_picking_type_returns_332
Jinasena_MasterData_Stock.stock_picking_type_receipts,Jinasena_MasterData_Stock.stock_picking_type_delivery_orders
Jinasena_MasterData_Stock.stock_picking_type_delivery_orders,Jinasena_MasterData_Stock.stock_picking_type_receipts
Jinasena_MasterData_Stock.stock_picking_type_receipts_82,Jinasena_MasterData_Stock.stock_picking_type_delivery_orders_83
Jinasena_MasterData_Stock.stock_picking_type_delivery_orders_83,Jinasena_MasterData_Stock.stock_picking_type_receipts_82
Jinasena_MasterData_Stock.stock_picking_type_receipts_91,Jinasena_MasterData_Stock.stock_picking_type_delivery_orders_92
Jinasena_MasterData_Stock.stock_picking_type_delivery_orders_92,Jinasena_MasterData_Stock.stock_picking_type_receipts_91
Jinasena_MasterData_Stock.stock_picking_type_receipts_100,Jinasena_MasterData_Stock.stock_picking_type_delivery_orders_101
Jinasena_MasterData_Stock.stock_picking_type_delivery_orders_101,Jinasena_MasterData_Stock.stock_picking_type_receipts_100
Jinasena_MasterData_Stock.stock_picking_type_receipts_118,Jinasena_MasterData_Stock.stock_picking_type_delivery_orders_119
Jinasena_MasterData_Stock.stock_picking_type_delivery_orders_119,Jinasena_MasterData_Stock.stock_picking_type_receipts_118
Jinasena_MasterData_Stock.stock_picking_type_receipts_127,Jinasena_MasterData_Stock.stock_picking_type_delivery_orders_128
Jinasena_MasterData_Stock.stock_picking_type_delivery_orders_128,Jinasena_MasterData_Stock.stock_picking_type_receipts_127
Jinasena_MasterData_Stock.stock_picking_type_receipts_136,Jinasena_MasterData_Stock.stock_picking_type_delivery_orders_137
Jinasena_MasterData_Stock.stock_picking_type_delivery_orders_137,Jinasena_MasterData_Stock.stock_picking_type_receipts_136
Jinasena_MasterData_Stock.stock_picking_type_receipts_145,Jinasena_MasterData_Stock.stock_picking_type_delivery_orders_146
Jinasena_MasterData_Stock.stock_picking_type_delivery_orders_146,Jinasena_MasterData_Stock.stock_picking_type_receipts_145
Jinasena_MasterData_Stock.stock_picking_type_receipts_154,Jinasena_MasterData_Stock.stock_picking_type_delivery_orders_155
Jinasena_MasterData_Stock.stock_picking_type_delivery_orders_155,Jinasena_MasterData_Stock.stock_picking_type_receipts_154
Jinasena_MasterData_Stock.stock_picking_type_receipts_163,Jinasena_MasterData_Stock.stock_picking_type_delivery_orders_164
Jinasena_MasterData_Stock.stock_picking_type_delivery_orders_164,Jinasena_MasterData_Stock.stock_picking_type_receipts_163
Jinasena_MasterData_Stock.stock_picking_type_receipts_172,Jinasena_MasterData_Stock.stock_picking_type_delivery_orders_173
Jinasena_MasterData_Stock.stock_picking_type_delivery_orders_173,Jinasena_MasterData_Stock.stock_picking_type_returns_332
Jinasena_MasterData_Stock.stock_picking_type_receipts_190,Jinasena_MasterData_Stock.stock_picking_type_delivery_orders_191
Jinasena_MasterData_Stock.stock_picking_type_delivery_orders_191,Jinasena_MasterData_Stock.stock_picking_type_receipts_190
Jinasena_MasterData_Stock.stock_picking_type_receipts_219,Jinasena_MasterData_Stock.stock_picking_type_delivery_orders_220
Jinasena_MasterData_Stock.stock_picking_type_delivery_orders_220,Jinasena_MasterData_Stock.stock_picking_type_receipts_219
Jinasena_MasterData_Stock.stock_picking_type_receipts_247,Jinasena_MasterData_Stock.stock_picking_type_delivery_orders_248
Jinasena_MasterData_Stock.stock_picking_type_delivery_orders_248,Jinasena_MasterData_Stock.stock_picking_type_returns_252
Jinasena_MasterData_Stock.stock_picking_type_receipts_259,Jinasena_MasterData_Stock.stock_picking_type_delivery_orders_260
Jinasena_MasterData_Stock.stock_picking_type_delivery_orders_260,Jinasena_MasterData_Stock.stock_picking_type_returns_264
Jinasena_MasterData_Stock.stock_picking_type_receipts_269,Jinasena_MasterData_Stock.stock_picking_type_delivery_orders_270
Jinasena_MasterData_Stock.stock_picking_type_delivery_orders_270,Jinasena_MasterData_Stock.stock_picking_type_returns_274
Jinasena_MasterData_Stock.stock_picking_type_receipts_279,Jinasena_MasterData_Stock.stock_picking_type_delivery_orders_280
Jinasena_MasterData_Stock.stock_picking_type_delivery_orders_280,Jinasena_MasterData_Stock.stock_picking_type_returns_284
Jinasena_MasterData_Stock.stock_picking_type_receipts_383,Jinasena_MasterData_Stock.stock_picking_type_delivery_orders_384
Jinasena_MasterData_Stock.stock_picking_type_delivery_orders_384,Jinasena_MasterData_Stock.stock_picking_type_returns_388
Jinasena_MasterData_Stock.stock_picking_type_receipts_497,Jinasena_MasterData_Stock.stock_picking_type_delivery_orders_498
Jinasena_MasterData_Stock.stock_picking_type_delivery_orders_498,Jinasena_MasterData_Stock.stock_picking_type_returns_502
Jinasena_MasterData_Stock.stock_picking_type_receipts_509,Jinasena_MasterData_Stock.stock_picking_type_delivery_orders_510
Jinasena_MasterData_Stock.stock_picking_type_receipts_521,Jinasena_MasterData_Stock.stock_picking_type_delivery_orders_522
Jinasena_MasterData_Stock.stock_picking_type_receipts_752,Jinasena_MasterData_Stock.stock_picking_type_delivery_orders_753
Jinasena_MasterData_Stock.stock_picking_type_mj_innn,Jinasena_MasterData_Stock.stock_picking_type_delivery_orders_753
Jinasena_MasterData_Stock.stock_picking_type_delivery_orders_753,Jinasena_MasterData_Stock.stock_picking_type_returns_757
Jinasena_MasterData_Stock.stock_picking_type_mj_out,Jinasena_MasterData_Stock.stock_picking_type_returns_757
Jinasena_MasterData_Stock.stock_picking_type_receipts_776,Jinasena_MasterData_Stock.stock_picking_type_delivery_orders_777
Jinasena_MasterData_Stock.stock_picking_type_delivery_orders_777,Jinasena_MasterData_Stock.stock_picking_type_returns_781
Jinasena_MasterData_Stock.stock_picking_type_receipts_788,Jinasena_MasterData_Stock.stock_picking_type_delivery_orders_789
Jinasena_MasterData_Stock.stock_picking_type_delivery_orders_789,Jinasena_MasterData_Stock.stock_picking_type_returns_793
Jinasena_MasterData_Stock.stock_picking_type_receipts_841,Jinasena_MasterData_Stock.stock_picking_type_delivery_orders_842
Jinasena_MasterData_Stock.stock_picking_type_delivery_orders_842,Jinasena_MasterData_Stock.stock_picking_type_receipts_841
Jinasena_MasterData_Stock.stock_picking_type_receipts_851,Jinasena_MasterData_Stock.stock_picking_type_delivery_orders_852
Jinasena_MasterData_Stock.stock_picking_type_delivery_orders_852,Jinasena_MasterData_Stock.stock_picking_type_receipts_851
Jinasena_MasterData_Stock.stock_picking_type_receipts_861,Jinasena_MasterData_Stock.stock_picking_type_delivery_orders_862
Jinasena_MasterData_Stock.stock_picking_type_delivery_orders_862,Jinasena_MasterData_Stock.stock_picking_type_receipts_861
Jinasena_MasterData_Stock.stock_picking_type_receipts_871,Jinasena_MasterData_Stock.stock_picking_type_delivery_orders_872
Jinasena_MasterData_Stock.stock_picking_type_delivery_orders_872,Jinasena_MasterData_Stock.stock_picking_type_receipts_871
Jinasena_MasterData_Stock.stock_picking_type_receipts_881,Jinasena_MasterData_Stock.stock_picking_type_delivery_orders_882
Jinasena_MasterData_Stock.stock_picking_type_delivery_orders_882,Jinasena_MasterData_Stock.stock_picking_type_receipts_881
Jinasena_MasterData_Stock.stock_picking_type_receipts_891,Jinasena_MasterData_Stock.stock_picking_type_delivery_orders_892
Jinasena_MasterData_Stock.stock_picking_type_delivery_orders_892,Jinasena_MasterData_Stock.stock_picking_type_receipts_891
Jinasena_MasterData_Stock.stock_picking_type_receipts_901,Jinasena_MasterData_Stock.stock_picking_type_delivery_orders_902
Jinasena_MasterData_Stock.stock_picking_type_delivery_orders_902,Jinasena_MasterData_Stock.stock_picking_type_receipts_901
Jinasena_MasterData_Stock.stock_picking_type_receipts_911,Jinasena_MasterData_Stock.stock_picking_type_delivery_orders_912
Jinasena_MasterData_Stock.stock_picking_type_delivery_orders_912,Jinasena_MasterData_Stock.stock_picking_type_receipts_911
Jinasena_MasterData_Stock.stock_picking_type_receipts_921,Jinasena_MasterData_Stock.stock_picking_type_delivery_orders_922
Jinasena_MasterData_Stock.stock_picking_type_delivery_orders_922,Jinasena_MasterData_Stock.stock_picking_type_receipts_921
Jinasena_MasterData_Stock.stock_picking_type_receipts_931,Jinasena_MasterData_Stock.stock_picking_type_delivery_orders_932
Jinasena_MasterData_Stock.stock_picking_type_delivery_orders_932,Jinasena_MasterData_Stock.stock_picking_type_receipts_931
Jinasena_MasterData_Stock.stock_picking_type_receipts_941,Jinasena_MasterData_Stock.stock_picking_type_delivery_orders_942
Jinasena_MasterData_Stock.stock_picking_type_delivery_orders_942,Jinasena_MasterData_Stock.stock_picking_type_receipts_941
Jinasena_MasterData_Stock.stock_picking_type_receipts_951,Jinasena_MasterData_Stock.stock_picking_type_delivery_orders_952
Jinasena_MasterData_Stock.stock_picking_type_delivery_orders_952,Jinasena_MasterData_Stock.stock_picking_type_receipts_951
Jinasena_MasterData_Stock.stock_picking_type_receipts_961,Jinasena_MasterData_Stock.stock_picking_type_delivery_orders_962
Jinasena_MasterData_Stock.stock_picking_type_delivery_orders_962,Jinasena_MasterData_Stock.stock_picking_type_receipts_961
Jinasena_MasterData_Stock.stock_picking_type_receipts_971,Jinasena_MasterData_Stock.stock_picking_type_delivery_orders_972
Jinasena_MasterData_Stock.stock_picking_type_delivery_orders_972,Jinasena_MasterData_Stock.stock_picking_type_receipts_971
Jinasena_MasterData_Stock.stock_picking_type_receipts_981,Jinasena_MasterData_Stock.stock_picking_type_delivery_orders_982
Jinasena_MasterData_Stock.stock_picking_type_delivery_orders_982,Jinasena_MasterData_Stock.stock_picking_type_receipts_981
Jinasena_MasterData_Stock.stock_picking_type_receipts_991,Jinasena_MasterData_Stock.stock_picking_type_delivery_orders_992
Jinasena_MasterData_Stock.stock_picking_type_delivery_orders_992,Jinasena_MasterData_Stock.stock_picking_type_receipts_991
Jinasena_MasterData_Stock.stock_picking_type_receipts_1001,Jinasena_MasterData_Stock.stock_picking_type_delivery_orders_1002
Jinasena_MasterData_Stock.stock_picking_type_delivery_orders_1002,Jinasena_MasterData_Stock.stock_picking_type_receipts_1001
Jinasena_MasterData_Stock.stock_picking_type_receipts_1011,Jinasena_MasterData_Stock.stock_picking_type_delivery_orders_1012
Jinasena_MasterData_Stock.stock_picking_type_delivery_orders_1012,Jinasena_MasterData_Stock.stock_picking_type_receipts_1011
Jinasena_MasterData_Stock.stock_picking_type_receipts_1021,Jinasena_MasterData_Stock.stock_picking_type_delivery_orders_1022
Jinasena_MasterData_Stock.stock_picking_type_delivery_orders_1022,Jinasena_MasterData_Stock.stock_picking_type_receipts_1021
Jinasena_MasterData_Stock.stock_picking_type_receipts_1031,Jinasena_MasterData_Stock.stock_picking_type_delivery_orders_1032
Jinasena_MasterData_Stock.stock_picking_type_delivery_orders_1032,Jinasena_MasterData_Stock.stock_picking_type_receipts_1031
Jinasena_MasterData_Stock.stock_picking_type_receipts_1041,Jinasena_MasterData_Stock.stock_picking_type_delivery_orders_1042
Jinasena_MasterData_Stock.stock_picking_type_delivery_orders_1042,Jinasena_MasterData_Stock.stock_picking_type_receipts_1041
Jinasena_MasterData_Stock.stock_picking_type_receipts_1051,Jinasena_MasterData_Stock.stock_picking_type_delivery_orders_1052
Jinasena_MasterData_Stock.stock_picking_type_delivery_orders_1052,Jinasena_MasterData_Stock.stock_picking_type_receipts_1051
Jinasena_MasterData_Stock.stock_picking_type_receipts_1061,Jinasena_MasterData_Stock.stock_picking_type_delivery_orders_1062
Jinasena_MasterData_Stock.stock_picking_type_delivery_orders_1062,Jinasena_MasterData_Stock.stock_picking_type_receipts_1061
Jinasena_MasterData_Stock.stock_picking_type_receipts_1071,Jinasena_MasterData_Stock.stock_picking_type_delivery_orders_1072
Jinasena_MasterData_Stock.stock_picking_type_delivery_orders_1072,Jinasena_MasterData_Stock.stock_picking_type_receipts_1071
Jinasena_MasterData_Stock.stock_picking_type_receipts_1087,Jinasena_MasterData_Stock.stock_picking_type_delivery_orders_1088
Jinasena_MasterData_Stock.stock_picking_type_delivery_orders_1088,Jinasena_MasterData_Stock.stock_picking_type_receipts_1087
Jinasena_MasterData_Stock.stock_picking_type_consignment_cg_customer,Jinasena_MasterData_Stock.stock_picking_type_returns_332
