id,manu_type_id/id,pos_type_id/id,repair_type_id/id
Jinasena_MasterData_Stock.stock_warehouse_retail_sales_counter_sp_sp_rc,Jinasena_MasterData_Stock.stock_picking_type_manufacturing_107,Jinasena_MasterData_Stock.stock_picking_type_pos_orders_108,
Jinasena_MasterData_Stock.stock_warehouse_casting_warehouse_cw_cm,Jinasena_MasterData_Stock.stock_picking_type_manufacturing,Jinasena_MasterData_Stock.stock_picking_type_pos_orders,
Jinasena_MasterData_Stock.stock_warehouse_main_warehouse_mw_cm,Jinasena_MasterData_Stock.stock_picking_type_manufacturing_89,Jinasena_MasterData_Stock.stock_picking_type_pos_orders_90,
Jinasena_MasterData_Stock.stock_warehouse_oils_lubricants_warehouse_ow_ek,Jinasena_MasterData_Stock.stock_picking_type_manufacturing_98,Jinasena_MasterData_Stock.stock_picking_type_pos_orders_99,
Jinasena_MasterData_Stock.stock_warehouse_production_warehouse_pw_je,Jinasena_MasterData_Stock.stock_picking_type_manufacturing_125,Jinasena_MasterData_Stock.stock_picking_type_pos_orders_126,
Jinasena_MasterData_Stock.stock_warehouse_production_warehouse_pw_mw,Jinasena_MasterData_Stock.stock_picking_type_manufacturing_134,Jinasena_MasterData_Stock.stock_picking_type_pos_orders_135,
Jinasena_MasterData_Stock.stock_warehouse_raw_material_main_warehouse_rp_ek,,Jinasena_MasterData_Stock.stock_picking_type_pos_orders_153,
Jinasena_MasterData_Stock.stock_warehouse_production_warehouse_pw_e1,Jinasena_MasterData_Stock.stock_picking_type_manufacturing_143,Jinasena_MasterData_Stock.stock_picking_type_pos_orders_144,
Jinasena_MasterData_Stock.stock_warehouse_br_am_warehouse_for_ampara_sales_center,,Jinasena_MasterData_Stock.stock_picking_type_pos_orders_162,
Jinasena_MasterData_Stock.stock_warehouse_main_warehouse_raw_material_for_motors_m,Jinasena_MasterData_Stock.stock_picking_type_manufacturing_391,Jinasena_MasterData_Stock.stock_picking_type_pos_orders_392,
Jinasena_MasterData_Stock.stock_warehouse_production_warehouse_pw_jm,Jinasena_MasterData_Stock.stock_picking_type_manufacturing_505,Jinasena_MasterData_Stock.stock_picking_type_pos_orders_508,Jinasena_MasterData_Stock.stock_picking_type_repairs
Jinasena_MasterData_Stock.stock_warehouse_repairs_warehouse_rp_jm,Jinasena_MasterData_Stock.stock_picking_type_manufacturing_517,,Jinasena_MasterData_Stock.stock_picking_type_repairs_822
Jinasena_MasterData_Stock.stock_warehouse_branch_warehouse_ekala_br_ek,,,Jinasena_MasterData_Stock.stock_picking_type_repairs_823
Jinasena_MasterData_Stock.stock_warehouse_jam_warehouse_ekala_jm_ek,Jinasena_MasterData_Stock.stock_picking_type_manufacturing_760,Jinasena_MasterData_Stock.stock_picking_type_pos_orders_763,Jinasena_MasterData_Stock.stock_picking_type_repairs_838
Jinasena_MasterData_Stock.stock_warehouse_production_warehouse_for_machining_and_a,Jinasena_MasterData_Stock.stock_picking_type_manufacturing_784,Jinasena_MasterData_Stock.stock_picking_type_pos_orders_787,
Jinasena_MasterData_Stock.stock_warehouse_plastic_warehouse_pl_ek,Jinasena_MasterData_Stock.stock_picking_type_manufacturing_796,Jinasena_MasterData_Stock.stock_picking_type_pos_orders_799,
Jinasena_MasterData_Stock.stock_warehouse_branch_warehouse_ampara,,Jinasena_MasterData_Stock.stock_picking_type_pos_orders_849,Jinasena_MasterData_Stock.stock_picking_type_repairs_850
Jinasena_MasterData_Stock.stock_warehouse_branch_warehouse_anuradhapura,,Jinasena_MasterData_Stock.stock_picking_type_pos_orders_859,Jinasena_MasterData_Stock.stock_picking_type_repairs_860
Jinasena_MasterData_Stock.stock_warehouse_branch_warehouse_avissawella,,Jinasena_MasterData_Stock.stock_picking_type_pos_orders_869,Jinasena_MasterData_Stock.stock_picking_type_repairs_870
Jinasena_MasterData_Stock.stock_warehouse_branch_warehouse_bandarawela,,Jinasena_MasterData_Stock.stock_picking_type_pos_orders_879,Jinasena_MasterData_Stock.stock_picking_type_repairs_880
Jinasena_MasterData_Stock.stock_warehouse_branch_warehouse_beruwela,,Jinasena_MasterData_Stock.stock_picking_type_pos_orders_889,Jinasena_MasterData_Stock.stock_picking_type_repairs_890
Jinasena_MasterData_Stock.stock_warehouse_branch_warehouse_buttala,,Jinasena_MasterData_Stock.stock_picking_type_pos_orders_899,Jinasena_MasterData_Stock.stock_picking_type_repairs_900
Jinasena_MasterData_Stock.stock_warehouse_branch_warehouse_dambulla,,Jinasena_MasterData_Stock.stock_picking_type_pos_orders_909,Jinasena_MasterData_Stock.stock_picking_type_repairs_910
Jinasena_MasterData_Stock.stock_warehouse_branch_warehouse_embilipitiya,,Jinasena_MasterData_Stock.stock_picking_type_pos_orders_919,Jinasena_MasterData_Stock.stock_picking_type_repairs_920
Jinasena_MasterData_Stock.stock_warehouse_branch_warehouse_galle,,Jinasena_MasterData_Stock.stock_picking_type_pos_orders_929,Jinasena_MasterData_Stock.stock_picking_type_repairs_930
Jinasena_MasterData_Stock.stock_warehouse_branch_warehouse_girandurukotte,,Jinasena_MasterData_Stock.stock_picking_type_pos_orders_939,Jinasena_MasterData_Stock.stock_picking_type_repairs_940
Jinasena_MasterData_Stock.stock_warehouse_branch_warehouse_jaffna,,Jinasena_MasterData_Stock.stock_picking_type_pos_orders_949,Jinasena_MasterData_Stock.stock_picking_type_repairs_950
Jinasena_MasterData_Stock.stock_warehouse_branch_warehouse_kandy,,Jinasena_MasterData_Stock.stock_picking_type_pos_orders_959,Jinasena_MasterData_Stock.stock_picking_type_repairs_960
Jinasena_MasterData_Stock.stock_warehouse_branch_warehouse_kaduruwela,,Jinasena_MasterData_Stock.stock_picking_type_pos_orders_969,Jinasena_MasterData_Stock.stock_picking_type_repairs_970
Jinasena_MasterData_Stock.stock_warehouse_branch_warehouse_kurunegala,,Jinasena_MasterData_Stock.stock_picking_type_pos_orders_979,Jinasena_MasterData_Stock.stock_picking_type_repairs_980
Jinasena_MasterData_Stock.stock_warehouse_branch_warehouse_nuwara_eliya,,Jinasena_MasterData_Stock.stock_picking_type_pos_orders_989,Jinasena_MasterData_Stock.stock_picking_type_repairs_990
Jinasena_MasterData_Stock.stock_warehouse_branch_warehouse_thambuttegama,,Jinasena_MasterData_Stock.stock_picking_type_pos_orders_999,Jinasena_MasterData_Stock.stock_picking_type_repairs_1000
Jinasena_MasterData_Stock.stock_warehouse_jam_scrap_warehouse,,Jinasena_MasterData_Stock.stock_picking_type_pos_orders_1009,Jinasena_MasterData_Stock.stock_picking_type_repairs_1010
Jinasena_MasterData_Stock.stock_warehouse_research_and_development_jam_factory_eka,,Jinasena_MasterData_Stock.stock_picking_type_pos_orders_1019,Jinasena_MasterData_Stock.stock_picking_type_repairs_1020
Jinasena_MasterData_Stock.stock_warehouse_retail_counter_waste_managementx,,Jinasena_MasterData_Stock.stock_picking_type_pos_orders_1029,Jinasena_MasterData_Stock.stock_picking_type_repairs_1030
Jinasena_MasterData_Stock.stock_warehouse_retail_counter_for_products_implements_a,,Jinasena_MasterData_Stock.stock_picking_type_pos_orders_1039,Jinasena_MasterData_Stock.stock_picking_type_repairs_1040
Jinasena_MasterData_Stock.stock_warehouse_jam_non_moving_warehouse,,Jinasena_MasterData_Stock.stock_picking_type_pos_orders_1049,Jinasena_MasterData_Stock.stock_picking_type_repairs_1050
Jinasena_MasterData_Stock.stock_warehouse_intransit_warehouse_jam,,Jinasena_MasterData_Stock.stock_picking_type_pos_orders_1059,Jinasena_MasterData_Stock.stock_picking_type_repairs_1060
Jinasena_MasterData_Stock.stock_warehouse_intransit_warehouse_embilipitiya,,Jinasena_MasterData_Stock.stock_picking_type_pos_orders_1069,Jinasena_MasterData_Stock.stock_picking_type_repairs_1070
Jinasena_MasterData_Stock.stock_warehouse_retail_counter_waste_management,,Jinasena_MasterData_Stock.stock_picking_type_pos_orders_1029,Jinasena_MasterData_Stock.stock_picking_type_repairs_1079
Jinasena_MasterData_Stock.stock_warehouse_tender_warehouse_head_office,Jinasena_MasterData_Stock.stock_picking_type_manufacturing_1094,Jinasena_MasterData_Stock.stock_picking_type_pos_orders_1095,Jinasena_MasterData_Stock.stock_picking_type_repairs_1096
Jinasena_MasterData_Stock.stock_warehouse_br_an_warehouse_for_anuradhapura_sales_c,,Jinasena_MasterData_Stock.stock_picking_type_pos_orders_171,
Jinasena_MasterData_Stock.stock_warehouse_rc_tm_warehouse_for_colombo_sales_center,Jinasena_MasterData_Stock.stock_picking_type_manufacturing_179,Jinasena_MasterData_Stock.stock_picking_type_pos_orders_180,
Jinasena_MasterData_Stock.stock_warehouse_main_warehouse_mw_ek_22,,Jinasena_MasterData_Stock.stock_picking_type_pos_orders_198,
Jinasena_MasterData_Stock.stock_warehouse_casting_department_mw_jc,Jinasena_MasterData_Stock.stock_picking_type_manufacturing_226,Jinasena_MasterData_Stock.stock_picking_type_pos_orders_227,
Jinasena_MasterData_Stock.stock_warehouse_repairs_warehouse_rp_cm,Jinasena_MasterData_Stock.stock_picking_type_manufacturing_255,Jinasena_MasterData_Stock.stock_picking_type_pos_orders_256,
Jinasena_MasterData_Stock.stock_warehouse_br_ek_warehouse_for_ekala_sales_center,,Jinasena_MasterData_Stock.stock_picking_type_pos_orders_268,
Jinasena_MasterData_Stock.stock_warehouse_quick_repairs_warehouse_rp_qu,Jinasena_MasterData_Stock.stock_picking_type_manufacturing_277,Jinasena_MasterData_Stock.stock_picking_type_pos_orders_278,
Jinasena_MasterData_Stock.stock_warehouse_electrical_installation_projects_warehou,,Jinasena_MasterData_Stock.stock_picking_type_pos_orders_288,
