id,name,active,group_propagation_option,action,sequence,company_id/id,location_dest_id/id,location_src_id/id,route_id/id,procure_method,picking_type_id/id,delay,propagate_carrier,warehouse_id/id,propagate_warehouse_id/id,auto
stock_rule_cw_cm_stock_inter_warehouse_transit_mto,CW-CM: Stock → Inter-warehouse transit (MTO),1,propagate,pull,20,seed_master_data_and_settings.company_jinasena_pvt_ltd,Jinasena_MasterData_Stock.stock_location_inter_warehouse_transit,,stock.route_warehouse0_mto,mts_else_mto,Jinasena_MasterData_Stock.stock_picking_type_delivery_orders,0,,seed_master_data_and_settings.warehouse_cw_cm_c1,,manual
stock_rule_mw_cm_stock_inter_warehouse_transit_mto,MW-CM: Stock → Inter-warehouse transit (MTO),1,propagate,pull,20,seed_master_data_and_settings.company_jinasena_pvt_ltd,Jinasena_MasterData_Stock.stock_location_inter_warehouse_transit,,stock.route_warehouse0_mto,mts_else_mto,Jinasena_MasterData_Stock.stock_picking_type_delivery_orders_83,0,,seed_master_data_and_settings.warehouse_mw_cm_c1,,manual
stock_rule_ow_ek_stock_inter_warehouse_transit_mto,OW-EK: Stock → Inter-warehouse transit (MTO),1,propagate,pull,20,seed_master_data_and_settings.company_jinasena_pvt_ltd,Jinasena_MasterData_Stock.stock_location_inter_warehouse_transit,,stock.route_warehouse0_mto,mts_else_mto,Jinasena_MasterData_Stock.stock_picking_type_delivery_orders_92,0,,seed_master_data_and_settings.warehouse_ow_ek_c1,,manual
stock_rule_mw_je_stock_inter_warehouse_transit_mto,MW-JE: Stock → Inter-warehouse transit (MTO),1,propagate,pull,20,seed_master_data_and_settings.company_jinasena_pvt_ltd,Jinasena_MasterData_Stock.stock_location_inter_warehouse_transit,,stock.route_warehouse0_mto,mts_else_mto,Jinasena_MasterData_Stock.stock_picking_type_delivery_orders_101,0,,seed_master_data_and_settings.warehouse_sp_rc_c1,,manual
stock_rule_mw_je_stock_inter_warehouse_transit_mto_199,MW-JE: Stock → Inter-warehouse transit (MTO),1,propagate,pull,20,seed_master_data_and_settings.company_jinasena_pvt_ltd,Jinasena_MasterData_Stock.stock_location_inter_warehouse_transit,,stock.route_warehouse0_mto,mts_else_mto,Jinasena_MasterData_Stock.stock_picking_type_delivery_orders_101,0,,seed_master_data_and_settings.warehouse_sp_rc_c1,,manual
stock_rule_ow_ek_stock_inter_warehouse_transit_mto_205,OW-EK: Stock → Inter-warehouse transit (MTO),1,propagate,pull,20,seed_master_data_and_settings.company_jinasena_pvt_ltd,Jinasena_MasterData_Stock.stock_location_inter_warehouse_transit,,stock.route_warehouse0_mto,mts_else_mto,Jinasena_MasterData_Stock.stock_picking_type_delivery_orders_92,0,,seed_master_data_and_settings.warehouse_ow_ek_c1,,manual
stock_rule_pw_mw_stock_inter_warehouse_transit_mto,PW-MW: Stock → Inter-warehouse transit (MTO),1,propagate,pull,20,seed_master_data_and_settings.company_jinasena_pvt_ltd,Jinasena_MasterData_Stock.stock_location_inter_warehouse_transit,,stock.route_warehouse0_mto,mts_else_mto,Jinasena_MasterData_Stock.stock_picking_type_delivery_orders_128,0,,seed_master_data_and_settings.warehouse_pw_mw_c1,,manual
stock_rule_mw_ek_stock_inter_warehouse_transit_mto,MW-EK: Stock → Inter-warehouse transit (MTO),1,propagate,pull,20,seed_master_data_and_settings.company_jinasena_pvt_ltd,Jinasena_MasterData_Stock.stock_location_inter_warehouse_transit,,stock.route_warehouse0_mto,mts_else_mto,Jinasena_MasterData_Stock.stock_picking_type_delivery_orders_191,0,,seed_master_data_and_settings.warehouse_mw_ek_c1,,manual
stock_rule_pw_e1_stock_inter_warehouse_transit_mto,PW-E1: Stock → Inter-warehouse transit (MTO),1,propagate,pull,20,seed_master_data_and_settings.company_jinasena_pvt_ltd,Jinasena_MasterData_Stock.stock_location_inter_warehouse_transit,,stock.route_warehouse0_mto,mts_else_mto,Jinasena_MasterData_Stock.stock_picking_type_delivery_orders_137,0,,seed_master_data_and_settings.warehouse_pw_e1_c1,,manual
stock_rule_mw_je_stock_inter_warehouse_transit_mto_236,MW-JE: Stock → Inter-warehouse transit (MTO),1,propagate,pull,20,seed_master_data_and_settings.company_jinasena_pvt_ltd,Jinasena_MasterData_Stock.stock_location_inter_warehouse_transit,,stock.route_warehouse0_mto,mts_else_mto,Jinasena_MasterData_Stock.stock_picking_type_delivery_orders_101,0,,seed_master_data_and_settings.warehouse_sp_rc_c1,,manual
stock_rule_rp_ek_stock_inter_warehouse_transit,RP-EK: Stock → Inter-warehouse transit,1,propagate,pull,20,seed_master_data_and_settings.company_jinasena_pvt_ltd,Jinasena_MasterData_Stock.stock_location_inter_warehouse_transit,,Jinasena_MasterData_Stock.stock_route_casting_warehouse_cw_cm_supply_product_f_105,make_to_order,Jinasena_MasterData_Stock.stock_picking_type_delivery_orders_146,0,,seed_master_data_and_settings.warehouse_rp_ek_c1,,manual
stock_rule_cw_cm_inter_warehouse_transit_stock,CW-CM: Inter-warehouse transit → Stock,1,propagate,pull,20,seed_master_data_and_settings.company_jinasena_pvt_ltd,,Jinasena_MasterData_Stock.stock_location_inter_warehouse_transit,Jinasena_MasterData_Stock.stock_route_casting_warehouse_cw_cm_supply_product_f_105,make_to_order,Jinasena_MasterData_Stock.stock_picking_type_receipts,0,,seed_master_data_and_settings.warehouse_cw_cm_c1,seed_master_data_and_settings.warehouse_rp_ek_c1,manual
stock_rule_rp_ek_stock_inter_warehouse_transit_mto,RP-EK: Stock → Inter-warehouse transit (MTO),1,propagate,pull,20,seed_master_data_and_settings.company_jinasena_pvt_ltd,Jinasena_MasterData_Stock.stock_location_inter_warehouse_transit,,stock.route_warehouse0_mto,make_to_order,Jinasena_MasterData_Stock.stock_picking_type_delivery_orders_146,0,,seed_master_data_and_settings.warehouse_rp_ek_c1,,manual
stock_rule_mw_je_stock_inter_warehouse_transit_mto_258,MW-JE: Stock → Inter-warehouse transit (MTO),1,propagate,pull,20,seed_master_data_and_settings.company_jinasena_pvt_ltd,Jinasena_MasterData_Stock.stock_location_inter_warehouse_transit,,stock.route_warehouse0_mto,mts_else_mto,Jinasena_MasterData_Stock.stock_picking_type_delivery_orders_101,0,,seed_master_data_and_settings.warehouse_sp_rc_c1,,manual
stock_rule_cw_cm_stock_inter_warehouse_transit_mto_264,CW-CM: Stock → Inter-warehouse transit (MTO),1,propagate,pull,20,seed_master_data_and_settings.company_jinasena_pvt_ltd,Jinasena_MasterData_Stock.stock_location_inter_warehouse_transit,,stock.route_warehouse0_mto,mts_else_mto,Jinasena_MasterData_Stock.stock_picking_type_delivery_orders,0,,seed_master_data_and_settings.warehouse_cw_cm_c1,,manual
stock_rule_cw_cm_stock_inter_warehouse_transit_mto_293,CW-CM: Stock → Inter-warehouse transit (MTO),1,propagate,pull,20,seed_master_data_and_settings.company_jinasena_pvt_ltd,Jinasena_MasterData_Stock.stock_location_inter_warehouse_transit,,stock.route_warehouse0_mto,mts_else_mto,Jinasena_MasterData_Stock.stock_picking_type_delivery_orders,0,,seed_master_data_and_settings.warehouse_cw_cm_c1,,manual
stock_rule_cw_cm_stock_inter_warehouse_transit_mto_308,CW-CM: Stock → Inter-warehouse transit (MTO),1,propagate,pull,20,seed_master_data_and_settings.company_jinasena_pvt_ltd,Jinasena_MasterData_Stock.stock_location_inter_warehouse_transit,,stock.route_warehouse0_mto,mts_else_mto,Jinasena_MasterData_Stock.stock_picking_type_delivery_orders,0,1,seed_master_data_and_settings.warehouse_cw_cm_c1,,manual
stock_rule_mw_cm_stock_inter_warehouse_transit_mto_311,MW-CM: Stock → Inter-warehouse transit (MTO),1,propagate,pull,20,seed_master_data_and_settings.company_jinasena_pvt_ltd,Jinasena_MasterData_Stock.stock_location_inter_warehouse_transit,,stock.route_warehouse0_mto,mts_else_mto,Jinasena_MasterData_Stock.stock_picking_type_delivery_orders_83,0,1,seed_master_data_and_settings.warehouse_mw_cm_c1,,manual
stock_rule_rp_ek_stock_inter_warehouse_transit_328,RP-EK: Stock → Inter-warehouse transit,1,propagate,pull,20,seed_master_data_and_settings.company_jinasena_pvt_ltd,Jinasena_MasterData_Stock.stock_location_inter_warehouse_transit,,Jinasena_MasterData_Stock.stock_route_rc_tm_warehouse_for_colombo_sales_center,make_to_order,Jinasena_MasterData_Stock.stock_picking_type_delivery_orders_146,0,,seed_master_data_and_settings.warehouse_rp_ek_c1,,manual
stock_rule_rc_tm_inter_warehouse_transit_stock,RC-TM: Inter-warehouse transit → Stock,1,propagate,pull,20,seed_master_data_and_settings.company_jinasena_pvt_ltd,,Jinasena_MasterData_Stock.stock_location_inter_warehouse_transit,Jinasena_MasterData_Stock.stock_route_rc_tm_warehouse_for_colombo_sales_center,make_to_order,Jinasena_MasterData_Stock.stock_picking_type_receipts_172,0,,seed_master_data_and_settings.warehouse_rc_tm_c2,seed_master_data_and_settings.warehouse_rp_ek_c1,manual
stock_rule_mw_cm_stock_inter_warehouse_transit_mto_330,MW-CM: Stock → Inter-warehouse transit (MTO),1,propagate,pull,20,seed_master_data_and_settings.company_jinasena_pvt_ltd,Jinasena_MasterData_Stock.stock_location_inter_warehouse_transit,,stock.route_warehouse0_mto,mts_else_mto,Jinasena_MasterData_Stock.stock_picking_type_delivery_orders_83,0,1,seed_master_data_and_settings.warehouse_mw_cm_c1,,manual
stock_rule_cw_cm_stock_inter_warehouse_transit_mto_333,CW-CM: Stock → Inter-warehouse transit (MTO),1,propagate,pull,20,seed_master_data_and_settings.company_jinasena_pvt_ltd,Jinasena_MasterData_Stock.stock_location_inter_warehouse_transit,,stock.route_warehouse0_mto,mts_else_mto,Jinasena_MasterData_Stock.stock_picking_type_delivery_orders,0,1,seed_master_data_and_settings.warehouse_cw_cm_c1,,manual
stock_rule_cw_cm_stock_inter_warehouse_transit,CW-CM: Stock → Inter-warehouse transit,1,propagate,pull,20,seed_master_data_and_settings.company_jinasena_pvt_ltd,Jinasena_MasterData_Stock.stock_location_inter_warehouse_transit,,Jinasena_MasterData_Stock.stock_route_casting_department_mw_jc_supply_product_,make_to_order,Jinasena_MasterData_Stock.stock_picking_type_delivery_orders,0,,seed_master_data_and_settings.warehouse_cw_cm_c1,,manual
stock_rule_mw_jc_inter_warehouse_transit_stock,MW-JC: Inter-warehouse transit → Stock,1,propagate,pull,20,seed_master_data_and_settings.company_jinasena_pvt_ltd,,Jinasena_MasterData_Stock.stock_location_inter_warehouse_transit,Jinasena_MasterData_Stock.stock_route_casting_department_mw_jc_supply_product_,make_to_order,Jinasena_MasterData_Stock.stock_picking_type_receipts_219,0,,seed_master_data_and_settings.warehouse_mw_jc_c1,seed_master_data_and_settings.warehouse_cw_cm_c1,manual
stock_rule_mw_cm_stock_inter_warehouse_transit_mto_336,MW-CM: Stock → Inter-warehouse transit (MTO),1,propagate,pull,20,seed_master_data_and_settings.company_jinasena_pvt_ltd,Jinasena_MasterData_Stock.stock_location_inter_warehouse_transit,,stock.route_warehouse0_mto,mts_else_mto,Jinasena_MasterData_Stock.stock_picking_type_delivery_orders_83,0,1,seed_master_data_and_settings.warehouse_mw_cm_c1,,manual
stock_rule_rp_ek_stock_inter_warehouse_transit_343,RP-EK: Stock → Inter-warehouse transit,1,propagate,pull,20,seed_master_data_and_settings.company_jinasena_pvt_ltd,Jinasena_MasterData_Stock.stock_location_inter_warehouse_transit,,Jinasena_MasterData_Stock.stock_route_repairs_warehouse_rp_cm_supply_product_f_143,make_to_stock,Jinasena_MasterData_Stock.stock_picking_type_delivery_orders_146,0,,seed_master_data_and_settings.warehouse_rp_ek_c1,,manual
stock_rule_rp_cm_inter_warehouse_transit_stock,RP-CM: Inter-warehouse transit → Stock,1,propagate,pull,20,seed_master_data_and_settings.company_jinasena_pvt_ltd,,Jinasena_MasterData_Stock.stock_location_inter_warehouse_transit,Jinasena_MasterData_Stock.stock_route_repairs_warehouse_rp_cm_supply_product_f_143,make_to_order,Jinasena_MasterData_Stock.stock_picking_type_receipts_247,0,,seed_master_data_and_settings.warehouse_rp_cm_c1,seed_master_data_and_settings.warehouse_rp_ek_c1,manual
stock_rule_cw_cm_stock_inter_warehouse_transit_mto_363,CW-CM: Stock → Inter-warehouse transit (MTO),1,propagate,pull,20,seed_master_data_and_settings.company_jinasena_pvt_ltd,Jinasena_MasterData_Stock.stock_location_inter_warehouse_transit,,stock.route_warehouse0_mto,mts_else_mto,Jinasena_MasterData_Stock.stock_picking_type_delivery_orders,0,1,seed_master_data_and_settings.warehouse_cw_cm_c1,,manual
stock_rule_rp_ek_stock_inter_warehouse_transit_382,RP-EK: Stock → Inter-warehouse transit,1,propagate,pull,20,seed_master_data_and_settings.company_jinasena_pvt_ltd,Jinasena_MasterData_Stock.stock_location_inter_warehouse_transit,,Jinasena_MasterData_Stock.stock_route_electrical_installation_projects_warehou,make_to_stock,Jinasena_MasterData_Stock.stock_picking_type_delivery_orders_146,0,,seed_master_data_and_settings.warehouse_rp_ek_c1,,manual
stock_rule_pj_ei_inter_warehouse_transit_stock,PJ-EI: Inter-warehouse transit → Stock,1,propagate,pull,20,seed_master_data_and_settings.company_jinasena_pvt_ltd,,Jinasena_MasterData_Stock.stock_location_inter_warehouse_transit,Jinasena_MasterData_Stock.stock_route_electrical_installation_projects_warehou,make_to_order,Jinasena_MasterData_Stock.stock_picking_type_receipts_279,0,,seed_master_data_and_settings.warehouse_pj_ei_c1,seed_master_data_and_settings.warehouse_rp_ek_c1,manual
stock_rule_mw_ek_stock_inter_warehouse_transit_mto_384,MW-EK: Stock → Inter-warehouse transit (MTO),1,propagate,pull,20,seed_master_data_and_settings.company_jinasena_pvt_ltd,Jinasena_MasterData_Stock.stock_location_inter_warehouse_transit,,stock.route_warehouse0_mto,mts_else_mto,Jinasena_MasterData_Stock.stock_picking_type_delivery_orders_191,0,1,seed_master_data_and_settings.warehouse_mw_ek_c1,,manual
stock_rule_mw_ek_stock_inter_warehouse_transit,MW-EK: Stock → Inter-warehouse transit,1,propagate,pull,20,seed_master_data_and_settings.company_jinasena_pvt_ltd,Jinasena_MasterData_Stock.stock_location_inter_warehouse_transit,,Jinasena_MasterData_Stock.stock_route_electrical_installation_projects_warehou_160,make_to_stock,Jinasena_MasterData_Stock.stock_picking_type_delivery_orders_191,0,,seed_master_data_and_settings.warehouse_mw_ek_c1,,manual
stock_rule_pj_ei_inter_warehouse_transit_stock_386,PJ-EI: Inter-warehouse transit → Stock,1,propagate,pull,20,seed_master_data_and_settings.company_jinasena_pvt_ltd,,Jinasena_MasterData_Stock.stock_location_inter_warehouse_transit,Jinasena_MasterData_Stock.stock_route_electrical_installation_projects_warehou_160,make_to_order,Jinasena_MasterData_Stock.stock_picking_type_receipts_279,0,,seed_master_data_and_settings.warehouse_pj_ei_c1,seed_master_data_and_settings.warehouse_mw_ek_c1,manual
stock_rule_pw_e1_stock_inter_warehouse_transit_mto_395,PW-E1: Stock → Inter-warehouse transit (MTO),1,propagate,pull,20,seed_master_data_and_settings.company_jinasena_pvt_ltd,Jinasena_MasterData_Stock.stock_location_inter_warehouse_transit,,stock.route_warehouse0_mto,mts_else_mto,Jinasena_MasterData_Stock.stock_picking_type_delivery_orders_137,0,1,seed_master_data_and_settings.warehouse_pw_e1_c1,,manual
stock_rule_pw_e1_stock_inter_warehouse_transit,PW-E1: Stock → Inter-warehouse transit,1,propagate,pull,20,seed_master_data_and_settings.company_jinasena_pvt_ltd,Jinasena_MasterData_Stock.stock_location_inter_warehouse_transit,,Jinasena_MasterData_Stock.stock_route_br_am_warehouse_for_ampara_sales_center__165,make_to_stock,Jinasena_MasterData_Stock.stock_picking_type_delivery_orders_137,0,,seed_master_data_and_settings.warehouse_pw_e1_c1,,manual
stock_rule_br_am_inter_warehouse_transit_stock,BR-AM: Inter-warehouse transit → Stock,1,propagate,pull,20,seed_master_data_and_settings.company_jinasena_pvt_ltd,,Jinasena_MasterData_Stock.stock_location_inter_warehouse_transit,Jinasena_MasterData_Stock.stock_route_br_am_warehouse_for_ampara_sales_center__165,make_to_order,Jinasena_MasterData_Stock.stock_picking_type_receipts_154,0,,seed_master_data_and_settings.warehouse_br_am_c1,seed_master_data_and_settings.warehouse_pw_e1_c1,manual
stock_rule_rp_ek_stock_inter_warehouse_transit_mto_398,RP-EK: Stock → Inter-warehouse transit (MTO),1,propagate,pull,20,seed_master_data_and_settings.company_jinasena_pvt_ltd,Jinasena_MasterData_Stock.stock_location_inter_warehouse_transit,,stock.route_warehouse0_mto,mts_else_mto,Jinasena_MasterData_Stock.stock_picking_type_delivery_orders_146,0,1,seed_master_data_and_settings.warehouse_rp_ek_c1,,manual
stock_rule_rp_ek_stock_inter_warehouse_transit_399,RP-EK: Stock → Inter-warehouse transit,1,propagate,pull,20,seed_master_data_and_settings.company_jinasena_pvt_ltd,Jinasena_MasterData_Stock.stock_location_inter_warehouse_transit,,Jinasena_MasterData_Stock.stock_route_br_am_warehouse_for_ampara_sales_center_,make_to_order,Jinasena_MasterData_Stock.stock_picking_type_delivery_orders_146,0,,seed_master_data_and_settings.warehouse_rp_ek_c1,,manual
stock_rule_br_am_inter_warehouse_transit_stock_400,BR-AM: Inter-warehouse transit → Stock,1,propagate,pull,20,seed_master_data_and_settings.company_jinasena_pvt_ltd,,Jinasena_MasterData_Stock.stock_location_inter_warehouse_transit,Jinasena_MasterData_Stock.stock_route_br_am_warehouse_for_ampara_sales_center_,make_to_order,Jinasena_MasterData_Stock.stock_picking_type_receipts_154,0,,seed_master_data_and_settings.warehouse_br_am_c1,seed_master_data_and_settings.warehouse_rp_ek_c1,manual
stock_rule_cw_cm_stock_inter_warehouse_transit_mto_401,CW-CM: Stock → Inter-warehouse transit (MTO),1,propagate,pull,20,seed_master_data_and_settings.company_jinasena_pvt_ltd,Jinasena_MasterData_Stock.stock_location_inter_warehouse_transit,,stock.route_warehouse0_mto,mts_else_mto,Jinasena_MasterData_Stock.stock_picking_type_delivery_orders,0,1,seed_master_data_and_settings.warehouse_cw_cm_c1,,manual
stock_rule_cw_cm_stock_inter_warehouse_transit_402,CW-CM: Stock → Inter-warehouse transit,1,propagate,pull,20,seed_master_data_and_settings.company_jinasena_pvt_ltd,Jinasena_MasterData_Stock.stock_location_inter_warehouse_transit,,Jinasena_MasterData_Stock.stock_route_production_warehouse_pw_e1_supply_produc_167,make_to_order,Jinasena_MasterData_Stock.stock_picking_type_delivery_orders,0,,seed_master_data_and_settings.warehouse_cw_cm_c1,,manual
stock_rule_pw_e1_inter_warehouse_transit_stock,PW-E1: Inter-warehouse transit → Stock,1,propagate,pull,20,seed_master_data_and_settings.company_jinasena_pvt_ltd,,Jinasena_MasterData_Stock.stock_location_inter_warehouse_transit,Jinasena_MasterData_Stock.stock_route_production_warehouse_pw_e1_supply_produc_167,make_to_order,Jinasena_MasterData_Stock.stock_picking_type_receipts_136,0,,seed_master_data_and_settings.warehouse_pw_e1_c1,seed_master_data_and_settings.warehouse_cw_cm_c1,manual
stock_rule_mw_cm_stock_inter_warehouse_transit_mto_404,MW-CM: Stock → Inter-warehouse transit (MTO),1,propagate,pull,20,seed_master_data_and_settings.company_jinasena_pvt_ltd,Jinasena_MasterData_Stock.stock_location_inter_warehouse_transit,,stock.route_warehouse0_mto,mts_else_mto,Jinasena_MasterData_Stock.stock_picking_type_delivery_orders_83,0,1,seed_master_data_and_settings.warehouse_mw_cm_c1,,manual
stock_rule_mw_cm_stock_inter_warehouse_transit,MW-CM: Stock → Inter-warehouse transit,1,propagate,pull,20,seed_master_data_and_settings.company_jinasena_pvt_ltd,Jinasena_MasterData_Stock.stock_location_inter_warehouse_transit,,Jinasena_MasterData_Stock.stock_route_production_warehouse_pw_e1_supply_produc,make_to_stock,Jinasena_MasterData_Stock.stock_picking_type_delivery_orders_83,0,,seed_master_data_and_settings.warehouse_mw_cm_c1,,manual
stock_rule_pw_e1_inter_warehouse_transit_stock_406,PW-E1: Inter-warehouse transit → Stock,1,propagate,pull,20,seed_master_data_and_settings.company_jinasena_pvt_ltd,,Jinasena_MasterData_Stock.stock_location_inter_warehouse_transit,Jinasena_MasterData_Stock.stock_route_production_warehouse_pw_e1_supply_produc,make_to_order,Jinasena_MasterData_Stock.stock_picking_type_receipts_136,0,,seed_master_data_and_settings.warehouse_pw_e1_c1,seed_master_data_and_settings.warehouse_mw_cm_c1,manual
stock_rule_ow_ek_stock_inter_warehouse_transit_mto_407,OW-EK: Stock → Inter-warehouse transit (MTO),1,propagate,pull,20,seed_master_data_and_settings.company_jinasena_pvt_ltd,Jinasena_MasterData_Stock.stock_location_inter_warehouse_transit,,stock.route_warehouse0_mto,mts_else_mto,Jinasena_MasterData_Stock.stock_picking_type_delivery_orders_92,0,1,seed_master_data_and_settings.warehouse_ow_ek_c1,,manual
stock_rule_ow_ek_stock_inter_warehouse_transit,OW-EK: Stock → Inter-warehouse transit,1,propagate,pull,20,seed_master_data_and_settings.company_jinasena_pvt_ltd,Jinasena_MasterData_Stock.stock_location_inter_warehouse_transit,,Jinasena_MasterData_Stock.stock_route_production_warehouse_pw_e1_supply_produc_169,make_to_order,Jinasena_MasterData_Stock.stock_picking_type_delivery_orders_92,0,,seed_master_data_and_settings.warehouse_ow_ek_c1,,manual
stock_rule_pw_e1_inter_warehouse_transit_stock_409,PW-E1: Inter-warehouse transit → Stock,1,propagate,pull,20,seed_master_data_and_settings.company_jinasena_pvt_ltd,,Jinasena_MasterData_Stock.stock_location_inter_warehouse_transit,Jinasena_MasterData_Stock.stock_route_production_warehouse_pw_e1_supply_produc_169,make_to_order,Jinasena_MasterData_Stock.stock_picking_type_receipts_136,0,,seed_master_data_and_settings.warehouse_pw_e1_c1,seed_master_data_and_settings.warehouse_ow_ek_c1,manual
stock_rule_mw_je_stock_inter_warehouse_transit_mto_410,MW-JE: Stock → Inter-warehouse transit (MTO),1,propagate,pull,20,seed_master_data_and_settings.company_jinasena_pvt_ltd,Jinasena_MasterData_Stock.stock_location_inter_warehouse_transit,,stock.route_warehouse0_mto,mts_else_mto,Jinasena_MasterData_Stock.stock_picking_type_delivery_orders_101,0,1,seed_master_data_and_settings.warehouse_sp_rc_c1,,manual
stock_rule_mw_je_stock_inter_warehouse_transit,MW-JE: Stock → Inter-warehouse transit,1,propagate,pull,20,seed_master_data_and_settings.company_jinasena_pvt_ltd,Jinasena_MasterData_Stock.stock_location_inter_warehouse_transit,,Jinasena_MasterData_Stock.stock_route_production_warehouse_pw_e1_supply_produc_170,make_to_order,Jinasena_MasterData_Stock.stock_picking_type_delivery_orders_384,0,,seed_master_data_and_settings.warehouse_sp_rc_c1,,manual
stock_rule_pw_e1_inter_warehouse_transit_stock_412,PW-E1: Inter-warehouse transit → Stock,1,propagate,pull,20,seed_master_data_and_settings.company_jinasena_pvt_ltd,,Jinasena_MasterData_Stock.stock_location_inter_warehouse_transit,Jinasena_MasterData_Stock.stock_route_production_warehouse_pw_e1_supply_produc_170,make_to_order,Jinasena_MasterData_Stock.stock_picking_type_receipts_136,0,,seed_master_data_and_settings.warehouse_pw_e1_c1,seed_master_data_and_settings.warehouse_sp_rc_c1,manual
stock_rule_rp_ek_stock_inter_warehouse_transit_mto_413,RP-EK: Stock → Inter-warehouse transit (MTO),1,propagate,pull,20,seed_master_data_and_settings.company_jinasena_pvt_ltd,Jinasena_MasterData_Stock.stock_location_inter_warehouse_transit,,stock.route_warehouse0_mto,mts_else_mto,Jinasena_MasterData_Stock.stock_picking_type_delivery_orders_146,0,1,seed_master_data_and_settings.warehouse_rp_ek_c1,,manual
stock_rule_rp_ek_stock_inter_warehouse_transit_414,RP-EK: Stock → Inter-warehouse transit,1,propagate,pull,20,seed_master_data_and_settings.company_jinasena_pvt_ltd,Jinasena_MasterData_Stock.stock_location_inter_warehouse_transit,,Jinasena_MasterData_Stock.stock_route_production_warehouse_pw_e1_supply_produc_171,make_to_stock,Jinasena_MasterData_Stock.stock_picking_type_delivery_orders_146,0,,seed_master_data_and_settings.warehouse_rp_ek_c1,,manual
stock_rule_pw_e1_inter_warehouse_transit_stock_415,PW-E1: Inter-warehouse transit → Stock,1,propagate,pull,20,seed_master_data_and_settings.company_jinasena_pvt_ltd,,Jinasena_MasterData_Stock.stock_location_inter_warehouse_transit,Jinasena_MasterData_Stock.stock_route_production_warehouse_pw_e1_supply_produc_171,make_to_order,Jinasena_MasterData_Stock.stock_picking_type_receipts_136,0,,seed_master_data_and_settings.warehouse_pw_e1_c1,seed_master_data_and_settings.warehouse_rp_ek_c1,manual
stock_rule_pw_je_stock_inter_warehouse_transit_mto,PW-JE: Stock → Inter-warehouse transit (MTO),1,propagate,pull,20,seed_master_data_and_settings.company_jinasena_pvt_ltd,Jinasena_MasterData_Stock.stock_location_inter_warehouse_transit,,stock.route_warehouse0_mto,mts_else_mto,Jinasena_MasterData_Stock.stock_picking_type_delivery_orders_119,0,1,seed_master_data_and_settings.warehouse_pw_je_c1,,manual
stock_rule_pw_je_stock_inter_warehouse_transit,PW-JE: Stock → Inter-warehouse transit,1,propagate,pull,20,seed_master_data_and_settings.company_jinasena_pvt_ltd,Jinasena_MasterData_Stock.stock_location_inter_warehouse_transit,,Jinasena_MasterData_Stock.stock_route_production_warehouse_pw_e1_supply_produc_172,make_to_order,Jinasena_MasterData_Stock.stock_picking_type_delivery_orders_119,0,,seed_master_data_and_settings.warehouse_pw_je_c1,,manual
stock_rule_pw_e1_inter_warehouse_transit_stock_418,PW-E1: Inter-warehouse transit → Stock,1,propagate,pull,20,seed_master_data_and_settings.company_jinasena_pvt_ltd,,Jinasena_MasterData_Stock.stock_location_inter_warehouse_transit,Jinasena_MasterData_Stock.stock_route_production_warehouse_pw_e1_supply_produc_172,make_to_order,Jinasena_MasterData_Stock.stock_picking_type_receipts_136,0,,seed_master_data_and_settings.warehouse_pw_e1_c1,seed_master_data_and_settings.warehouse_pw_je_c1,manual
stock_rule_mw_ek_stock_inter_warehouse_transit_mto_526,MW-EK: Stock → Inter-warehouse transit (MTO),1,propagate,pull,20,seed_master_data_and_settings.company_jinasena_pvt_ltd,Jinasena_MasterData_Stock.stock_location_inter_warehouse_transit,,stock.route_warehouse0_mto,mts_else_mto,Jinasena_MasterData_Stock.stock_picking_type_delivery_orders_191,0,1,seed_master_data_and_settings.warehouse_mw_ek_c1,,manual
stock_rule_mw_ek_stock_inter_warehouse_transit_527,MW-EK: Stock → Inter-warehouse transit,1,propagate,pull,20,seed_master_data_and_settings.company_jinasena_pvt_ltd,Jinasena_MasterData_Stock.stock_location_inter_warehouse_transit,,Jinasena_MasterData_Stock.stock_route_jinasena_pvt_ltd_supply_product_from_mai,make_to_stock,Jinasena_MasterData_Stock.stock_picking_type_delivery_orders_191,0,,seed_master_data_and_settings.warehouse_mw_ek_c1,,manual
stock_rule_mw_ek_stock_inter_warehouse_transit_mto_529,MW-EK: Stock → Inter-warehouse transit (MTO),1,propagate,pull,20,seed_master_data_and_settings.company_jinasena_pvt_ltd,Jinasena_MasterData_Stock.stock_location_inter_warehouse_transit,,stock.route_warehouse0_mto,mts_else_mto,Jinasena_MasterData_Stock.stock_picking_type_delivery_orders_191,0,1,seed_master_data_and_settings.warehouse_mw_ek_c1,,manual
stock_rule_mw_ek_stock_inter_warehouse_transit_530,MW-EK: Stock → Inter-warehouse transit,1,propagate,pull,20,seed_master_data_and_settings.company_jinasena_pvt_ltd,Jinasena_MasterData_Stock.stock_location_inter_warehouse_transit,,Jinasena_MasterData_Stock.stock_route_br_am_warehouse_for_ampara_sales_center__203,make_to_order,Jinasena_MasterData_Stock.stock_picking_type_delivery_orders_191,0,,seed_master_data_and_settings.warehouse_mw_ek_c1,,manual
stock_rule_br_am_inter_warehouse_transit_stock_531,BR-AM: Inter-warehouse transit → Stock,1,propagate,pull,20,seed_master_data_and_settings.company_jinasena_pvt_ltd,,Jinasena_MasterData_Stock.stock_location_inter_warehouse_transit,Jinasena_MasterData_Stock.stock_route_br_am_warehouse_for_ampara_sales_center__203,make_to_order,Jinasena_MasterData_Stock.stock_picking_type_receipts_154,0,,seed_master_data_and_settings.warehouse_br_am_c1,seed_master_data_and_settings.warehouse_mw_ek_c1,manual
stock_rule_cw_cm_stock_inter_warehouse_transit_mto_532,CW-CM: Stock → Inter-warehouse transit (MTO),1,propagate,pull,20,seed_master_data_and_settings.company_jinasena_pvt_ltd,Jinasena_MasterData_Stock.stock_location_inter_warehouse_transit,,stock.route_warehouse0_mto,mts_else_mto,Jinasena_MasterData_Stock.stock_picking_type_delivery_orders,0,1,seed_master_data_and_settings.warehouse_cw_cm_c1,,manual
stock_rule_cw_cm_stock_inter_warehouse_transit_533,CW-CM: Stock → Inter-warehouse transit,1,propagate,pull,20,seed_master_data_and_settings.company_jinasena_pvt_ltd,Jinasena_MasterData_Stock.stock_location_inter_warehouse_transit,,Jinasena_MasterData_Stock.stock_route_repairs_warehouse_rp_cm_supply_product_f,make_to_stock,Jinasena_MasterData_Stock.stock_picking_type_delivery_orders,0,,seed_master_data_and_settings.warehouse_cw_cm_c1,,manual
stock_rule_rp_cm_inter_warehouse_transit_stock_534,RP-CM: Inter-warehouse transit → Stock,1,propagate,pull,20,seed_master_data_and_settings.company_jinasena_pvt_ltd,,Jinasena_MasterData_Stock.stock_location_inter_warehouse_transit,Jinasena_MasterData_Stock.stock_route_repairs_warehouse_rp_cm_supply_product_f,make_to_order,Jinasena_MasterData_Stock.stock_picking_type_receipts_247,0,,seed_master_data_and_settings.warehouse_rp_cm_c1,seed_master_data_and_settings.warehouse_cw_cm_c1,manual
stock_rule_mw_cm_stock_inter_warehouse_transit_mto_535,MW-CM: Stock → Inter-warehouse transit (MTO),1,propagate,pull,20,seed_master_data_and_settings.company_jinasena_pvt_ltd,Jinasena_MasterData_Stock.stock_location_inter_warehouse_transit,,stock.route_warehouse0_mto,mts_else_mto,Jinasena_MasterData_Stock.stock_picking_type_delivery_orders_83,0,1,seed_master_data_and_settings.warehouse_mw_cm_c1,,manual
stock_rule_mw_cm_stock_inter_warehouse_transit_536,MW-CM: Stock → Inter-warehouse transit,1,propagate,pull,20,seed_master_data_and_settings.company_jinasena_pvt_ltd,Jinasena_MasterData_Stock.stock_location_inter_warehouse_transit,,Jinasena_MasterData_Stock.stock_route_repairs_warehouse_rp_cm_supply_product_f_205,make_to_stock,Jinasena_MasterData_Stock.stock_picking_type_delivery_orders_83,0,,seed_master_data_and_settings.warehouse_mw_cm_c1,,manual
stock_rule_rp_cm_inter_warehouse_transit_stock_537,RP-CM: Inter-warehouse transit → Stock,1,propagate,pull,20,seed_master_data_and_settings.company_jinasena_pvt_ltd,,Jinasena_MasterData_Stock.stock_location_inter_warehouse_transit,Jinasena_MasterData_Stock.stock_route_repairs_warehouse_rp_cm_supply_product_f_205,make_to_order,Jinasena_MasterData_Stock.stock_picking_type_receipts_247,0,,seed_master_data_and_settings.warehouse_rp_cm_c1,seed_master_data_and_settings.warehouse_mw_cm_c1,manual
stock_rule_ow_ek_stock_inter_warehouse_transit_mto_538,OW-EK: Stock → Inter-warehouse transit (MTO),1,propagate,pull,20,seed_master_data_and_settings.company_jinasena_pvt_ltd,Jinasena_MasterData_Stock.stock_location_inter_warehouse_transit,,stock.route_warehouse0_mto,mts_else_mto,Jinasena_MasterData_Stock.stock_picking_type_delivery_orders_92,0,1,seed_master_data_and_settings.warehouse_ow_ek_c1,,manual
stock_rule_ow_ek_stock_inter_warehouse_transit_539,OW-EK: Stock → Inter-warehouse transit,1,propagate,pull,20,seed_master_data_and_settings.company_jinasena_pvt_ltd,Jinasena_MasterData_Stock.stock_location_inter_warehouse_transit,,Jinasena_MasterData_Stock.stock_route_repairs_warehouse_rp_cm_supply_product_f_206,make_to_stock,Jinasena_MasterData_Stock.stock_picking_type_delivery_orders_92,0,,seed_master_data_and_settings.warehouse_ow_ek_c1,,manual
stock_rule_rp_cm_inter_warehouse_transit_stock_540,RP-CM: Inter-warehouse transit → Stock,1,propagate,pull,20,seed_master_data_and_settings.company_jinasena_pvt_ltd,,Jinasena_MasterData_Stock.stock_location_inter_warehouse_transit,Jinasena_MasterData_Stock.stock_route_repairs_warehouse_rp_cm_supply_product_f_206,make_to_order,Jinasena_MasterData_Stock.stock_picking_type_receipts_247,0,,seed_master_data_and_settings.warehouse_rp_cm_c1,seed_master_data_and_settings.warehouse_ow_ek_c1,manual
stock_rule_transfer_to_customer,Transfer to Customer,1,propagate,pull,20,seed_master_data_and_settings.company_jinasena_pvt_ltd,stock.stock_location_customers,Jinasena_MasterData_Stock.stock_location_rc_tm_consignment_location,Jinasena_MasterData_Stock.stock_route_rc_tm_consignment,make_to_order,Jinasena_MasterData_Stock.stock_picking_type_consignment_cg_customer,0,,,,manual
stock_rule_transfer_to_consignment_location,Transfer to Consignment Location,1,propagate,pull,20,seed_master_data_and_settings.company_jinasena_pvt_ltd,Jinasena_MasterData_Stock.stock_location_rc_tm_consignment_location,,Jinasena_MasterData_Stock.stock_route_rc_tm_consignment,make_to_stock,Jinasena_MasterData_Stock.stock_picking_type_consignment_wh_cg,0,,,,manual
stock_rule_ow_ek_stock_inter_warehouse_transit_mto_568,OW-EK: Stock → Inter-warehouse transit (MTO),1,propagate,pull,20,seed_master_data_and_settings.company_jinasena_pvt_ltd,Jinasena_MasterData_Stock.stock_location_inter_warehouse_transit,,stock.route_warehouse0_mto,mts_else_mto,Jinasena_MasterData_Stock.stock_picking_type_delivery_orders_92,0,1,seed_master_data_and_settings.warehouse_ow_ek_c1,,manual
stock_rule_rp_ek_stock_inter_warehouse_transit_mto_571,RP-EK: Stock → Inter-warehouse transit (MTO),1,propagate,pull,20,seed_master_data_and_settings.company_jinasena_pvt_ltd,Jinasena_MasterData_Stock.stock_location_inter_warehouse_transit,,stock.route_warehouse0_mto,mts_else_mto,Jinasena_MasterData_Stock.stock_picking_type_delivery_orders_146,0,1,seed_master_data_and_settings.warehouse_rp_ek_c1,,manual
stock_rule_rp_ek_stock_inter_warehouse_transit_mto_574,RP-EK: Stock → Inter-warehouse transit (MTO),1,propagate,pull,20,seed_master_data_and_settings.company_jinasena_pvt_ltd,Jinasena_MasterData_Stock.stock_location_inter_warehouse_transit,,stock.route_warehouse0_mto,mts_else_mto,Jinasena_MasterData_Stock.stock_picking_type_delivery_orders_146,0,1,seed_master_data_and_settings.warehouse_rp_ek_c1,,manual
stock_rule_sp_rc_stock_inter_warehouse_transit_mto,SP-RC: Stock → Inter-warehouse transit (MTO),1,propagate,pull,20,seed_master_data_and_settings.company_jinasena_pvt_ltd,Jinasena_MasterData_Stock.stock_location_inter_warehouse_transit,,stock.route_warehouse0_mto,mts_else_mto,Jinasena_MasterData_Stock.stock_picking_type_delivery_orders_101,0,1,seed_master_data_and_settings.warehouse_sp_rc_c1,,manual
stock_rule_sp_rc_stock_inter_warehouse_transit,SP-RC: Stock → Inter-warehouse transit,1,propagate,pull,20,seed_master_data_and_settings.company_jinasena_pvt_ltd,Jinasena_MasterData_Stock.stock_location_inter_warehouse_transit,,Jinasena_MasterData_Stock.stock_route_quick_repairs_warehouse_rp_qu_supply_pro,make_to_stock,Jinasena_MasterData_Stock.stock_picking_type_delivery_orders_101,0,,seed_master_data_and_settings.warehouse_sp_rc_c1,,manual
stock_rule_rp_qu_inter_warehouse_transit_stock,RP-QU: Inter-warehouse transit → Stock,1,propagate,pull,20,seed_master_data_and_settings.company_jinasena_pvt_ltd,,Jinasena_MasterData_Stock.stock_location_inter_warehouse_transit,Jinasena_MasterData_Stock.stock_route_quick_repairs_warehouse_rp_qu_supply_pro,make_to_order,Jinasena_MasterData_Stock.stock_picking_type_receipts_269,0,,seed_master_data_and_settings.warehouse_rp_qu_c1,seed_master_data_and_settings.warehouse_sp_rc_c1,manual
stock_rule_mw_je_stock_inter_warehouse_transit_mto_589,MW-JE: Stock → Inter-warehouse transit (MTO),1,propagate,pull,20,seed_master_data_and_settings.company_jinasena_pvt_ltd,Jinasena_MasterData_Stock.stock_location_inter_warehouse_transit,,stock.route_warehouse0_mto,mts_else_mto,Jinasena_MasterData_Stock.stock_picking_type_delivery_orders_384,0,1,seed_master_data_and_settings.warehouse_mw_je_c1,,manual
stock_rule_mw_je_stock_inter_warehouse_transit_590,MW-JE: Stock → Inter-warehouse transit,1,propagate,pull,20,seed_master_data_and_settings.company_jinasena_pvt_ltd,Jinasena_MasterData_Stock.stock_location_inter_warehouse_transit,,Jinasena_MasterData_Stock.stock_route_production_warehouse_pw_je_supply_produc_228,make_to_order,Jinasena_MasterData_Stock.stock_picking_type_delivery_orders_384,0,,seed_master_data_and_settings.warehouse_mw_je_c1,,manual
stock_rule_pw_je_inter_warehouse_transit_stock,PW-JE: Inter-warehouse transit → Stock,1,propagate,pull,20,seed_master_data_and_settings.company_jinasena_pvt_ltd,,Jinasena_MasterData_Stock.stock_location_inter_warehouse_transit,Jinasena_MasterData_Stock.stock_route_production_warehouse_pw_je_supply_produc_228,make_to_order,Jinasena_MasterData_Stock.stock_picking_type_receipts_118,0,,seed_master_data_and_settings.warehouse_pw_je_c1,seed_master_data_and_settings.warehouse_mw_je_c1,manual
stock_rule_pw_mw_stock_inter_warehouse_transit_mto_593,PW-MW: Stock → Inter-warehouse transit (MTO),1,propagate,pull,20,seed_master_data_and_settings.company_jinasena_pvt_ltd,Jinasena_MasterData_Stock.stock_location_inter_warehouse_transit,,stock.route_warehouse0_mto,mts_else_mto,Jinasena_MasterData_Stock.stock_picking_type_delivery_orders_128,0,1,seed_master_data_and_settings.warehouse_pw_mw_c1,,manual
stock_rule_pw_mw_stock_inter_warehouse_transit,PW-MW: Stock → Inter-warehouse transit,1,propagate,pull,20,seed_master_data_and_settings.company_jinasena_pvt_ltd,Jinasena_MasterData_Stock.stock_location_inter_warehouse_transit,,Jinasena_MasterData_Stock.stock_route_production_warehouse_pw_je_supply_produc_229,make_to_order,Jinasena_MasterData_Stock.stock_picking_type_delivery_orders_128,0,,seed_master_data_and_settings.warehouse_pw_mw_c1,,manual
stock_rule_pw_je_inter_warehouse_transit_stock_595,PW-JE: Inter-warehouse transit → Stock,1,propagate,pull,20,seed_master_data_and_settings.company_jinasena_pvt_ltd,,Jinasena_MasterData_Stock.stock_location_inter_warehouse_transit,Jinasena_MasterData_Stock.stock_route_production_warehouse_pw_je_supply_produc_229,make_to_order,Jinasena_MasterData_Stock.stock_picking_type_receipts_118,0,,seed_master_data_and_settings.warehouse_pw_je_c1,seed_master_data_and_settings.warehouse_pw_mw_c1,manual
stock_rule_rp_ek_stock_inter_warehouse_transit_mto_596,RP-EK: Stock → Inter-warehouse transit (MTO),1,propagate,pull,20,seed_master_data_and_settings.company_jinasena_pvt_ltd,Jinasena_MasterData_Stock.stock_location_inter_warehouse_transit,,stock.route_warehouse0_mto,mts_else_mto,Jinasena_MasterData_Stock.stock_picking_type_delivery_orders_146,0,1,seed_master_data_and_settings.warehouse_rp_ek_c1,,manual
stock_rule_mw_ek_stock_inter_warehouse_transit_mto_599,MW-EK: Stock → Inter-warehouse transit (MTO),1,propagate,pull,20,seed_master_data_and_settings.company_jinasena_pvt_ltd,Jinasena_MasterData_Stock.stock_location_inter_warehouse_transit,,stock.route_warehouse0_mto,mts_else_mto,Jinasena_MasterData_Stock.stock_picking_type_delivery_orders_191,0,1,seed_master_data_and_settings.warehouse_mw_ek_c1,,manual
stock_rule_mw_ek_stock_inter_warehouse_transit_600,MW-EK: Stock → Inter-warehouse transit,1,propagate,pull,20,seed_master_data_and_settings.company_jinasena_pvt_ltd,Jinasena_MasterData_Stock.stock_location_inter_warehouse_transit,,Jinasena_MasterData_Stock.stock_route_casting_department_mw_jc_supply_product__231,make_to_order,Jinasena_MasterData_Stock.stock_picking_type_delivery_orders_191,0,,seed_master_data_and_settings.warehouse_mw_ek_c1,,manual
stock_rule_mw_jc_inter_warehouse_transit_stock_601,MW-JC: Inter-warehouse transit → Stock,1,propagate,pull,20,seed_master_data_and_settings.company_jinasena_pvt_ltd,,Jinasena_MasterData_Stock.stock_location_inter_warehouse_transit,Jinasena_MasterData_Stock.stock_route_casting_department_mw_jc_supply_product__231,make_to_order,Jinasena_MasterData_Stock.stock_picking_type_receipts_219,0,,seed_master_data_and_settings.warehouse_mw_jc_c1,seed_master_data_and_settings.warehouse_mw_ek_c1,manual
stock_rule_mw_jc_stock_inter_warehouse_transit_mto,MW-JC: Stock → Inter-warehouse transit (MTO),1,propagate,pull,20,seed_master_data_and_settings.company_jinasena_pvt_ltd,Jinasena_MasterData_Stock.stock_location_inter_warehouse_transit,,stock.route_warehouse0_mto,mts_else_mto,Jinasena_MasterData_Stock.stock_picking_type_delivery_orders_220,0,1,seed_master_data_and_settings.warehouse_mw_jc_c1,,manual
stock_rule_pw_e1_stock_inter_warehouse_transit_mto_614,PW-E1: Stock → Inter-warehouse transit (MTO),1,propagate,pull,20,seed_master_data_and_settings.company_jinasena_pvt_ltd,Jinasena_MasterData_Stock.stock_location_inter_warehouse_transit,,stock.route_warehouse0_mto,mts_else_mto,Jinasena_MasterData_Stock.stock_picking_type_delivery_orders_137,0,1,seed_master_data_and_settings.warehouse_pw_e1_c1,,manual
stock_rule_pw_e1_stock_inter_warehouse_transit_615,PW-E1: Stock → Inter-warehouse transit,1,propagate,pull,20,seed_master_data_and_settings.company_jinasena_pvt_ltd,Jinasena_MasterData_Stock.stock_location_inter_warehouse_transit,,Jinasena_MasterData_Stock.stock_route_production_warehouse_pw_je_supply_produc_240,make_to_order,Jinasena_MasterData_Stock.stock_picking_type_delivery_orders_137,0,,seed_master_data_and_settings.warehouse_pw_e1_c1,,manual
stock_rule_pw_je_inter_warehouse_transit_stock_616,PW-JE: Inter-warehouse transit → Stock,1,propagate,pull,20,seed_master_data_and_settings.company_jinasena_pvt_ltd,,Jinasena_MasterData_Stock.stock_location_inter_warehouse_transit,Jinasena_MasterData_Stock.stock_route_production_warehouse_pw_je_supply_produc_240,make_to_order,Jinasena_MasterData_Stock.stock_picking_type_receipts_118,0,,seed_master_data_and_settings.warehouse_pw_je_c1,seed_master_data_and_settings.warehouse_pw_e1_c1,manual
stock_rule_cw_cm_stock_inter_warehouse_transit_mto_617,CW-CM: Stock → Inter-warehouse transit (MTO),1,propagate,pull,20,seed_master_data_and_settings.company_jinasena_pvt_ltd,Jinasena_MasterData_Stock.stock_location_inter_warehouse_transit,,stock.route_warehouse0_mto,mts_else_mto,Jinasena_MasterData_Stock.stock_picking_type_delivery_orders,0,1,seed_master_data_and_settings.warehouse_cw_cm_c1,,manual
stock_rule_mw_ek_stock_inter_warehouse_transit_mto_620,MW-EK: Stock → Inter-warehouse transit (MTO),1,propagate,pull,20,seed_master_data_and_settings.company_jinasena_pvt_ltd,Jinasena_MasterData_Stock.stock_location_inter_warehouse_transit,,stock.route_warehouse0_mto,mts_else_mto,Jinasena_MasterData_Stock.stock_picking_type_delivery_orders_191,0,1,seed_master_data_and_settings.warehouse_mw_ek_c1,,manual
stock_rule_mw_jc_stock_inter_warehouse_transit_mto_624,MW-JC: Stock → Inter-warehouse transit (MTO),1,propagate,pull,20,seed_master_data_and_settings.company_jinasena_pvt_ltd,Jinasena_MasterData_Stock.stock_location_inter_warehouse_transit,,stock.route_warehouse0_mto,mts_else_mto,Jinasena_MasterData_Stock.stock_picking_type_delivery_orders_220,0,1,seed_master_data_and_settings.warehouse_mw_jc_c1,,manual
stock_rule_mw_jc_stock_inter_warehouse_transit,MW-JC: Stock → Inter-warehouse transit,1,propagate,pull,20,seed_master_data_and_settings.company_jinasena_pvt_ltd,Jinasena_MasterData_Stock.stock_location_inter_warehouse_transit,,Jinasena_MasterData_Stock.stock_route_casting_warehouse_cw_cm_supply_product_f,make_to_order,Jinasena_MasterData_Stock.stock_picking_type_delivery_orders_220,0,,seed_master_data_and_settings.warehouse_mw_jc_c1,,manual
stock_rule_cw_cm_inter_warehouse_transit_stock_626,CW-CM: Inter-warehouse transit → Stock,1,propagate,pull,20,seed_master_data_and_settings.company_jinasena_pvt_ltd,,Jinasena_MasterData_Stock.stock_location_inter_warehouse_transit,Jinasena_MasterData_Stock.stock_route_casting_warehouse_cw_cm_supply_product_f,make_to_order,Jinasena_MasterData_Stock.stock_picking_type_receipts,0,,seed_master_data_and_settings.warehouse_cw_cm_c1,seed_master_data_and_settings.warehouse_mw_jc_c1,manual
stock_rule_cw_cm_stock_inter_warehouse_transit_mto_1094,CW-CM: Stock → Inter-warehouse transit (MTO),1,propagate,pull,20,seed_master_data_and_settings.company_jinasena_pvt_ltd,Jinasena_MasterData_Stock.stock_location_inter_warehouse_transit,,stock.route_warehouse0_mto,mts_else_mto,Jinasena_MasterData_Stock.stock_picking_type_delivery_orders,0,1,seed_master_data_and_settings.warehouse_cw_cm_c1,,manual
stock_rule_cw_cm_stock_inter_warehouse_transit_1095,CW-CM: Stock → Inter-warehouse transit,1,propagate,pull,20,seed_master_data_and_settings.company_jinasena_pvt_ltd,Jinasena_MasterData_Stock.stock_location_inter_warehouse_transit,,Jinasena_MasterData_Stock.stock_route_br_am_warehouse_for_ampara_sales_center__434,make_to_stock,Jinasena_MasterData_Stock.stock_picking_type_delivery_orders,0,,seed_master_data_and_settings.warehouse_cw_cm_c1,,manual
stock_rule_br_am_inter_warehouse_transit_stock_1096,BR-AM: Inter-warehouse transit → Stock,1,propagate,pull,20,seed_master_data_and_settings.company_jinasena_pvt_ltd,,Jinasena_MasterData_Stock.stock_location_inter_warehouse_transit,Jinasena_MasterData_Stock.stock_route_br_am_warehouse_for_ampara_sales_center__434,make_to_order,Jinasena_MasterData_Stock.stock_picking_type_receipts_154,0,,seed_master_data_and_settings.warehouse_br_am_c1,seed_master_data_and_settings.warehouse_cw_cm_c1,manual
stock_rule_rp_jm_inter_warehouse_transit_stock,RP-JM: Inter-warehouse transit → Stock,1,propagate,pull,20,seed_master_data_and_settings.company_jinasena_agricultural_machinery,,Jinasena_MasterData_Stock.stock_location_inter_warehouse_transit_193,Jinasena_MasterData_Stock.stock_route_repairs_warehouse_rp_jm_supply_product_f_440,make_to_order,Jinasena_MasterData_Stock.stock_picking_type_receipts_509,0,,seed_master_data_and_settings.warehouse_rp_jm_c2,,manual
stock_rule_jm_ek_stock_inter_warehouse_transit_mto,JM-EK: Stock → Inter-warehouse transit (MTO),1,propagate,pull,20,seed_master_data_and_settings.company_jinasena_agricultural_machinery,Jinasena_MasterData_Stock.stock_location_inter_warehouse_transit_193,,stock.route_warehouse0_mto,make_to_stock,Jinasena_MasterData_Stock.stock_picking_type_delivery_orders_753,0,1,seed_master_data_and_settings.warehouse_jm_ek_c2,,manual
stock_rule_pw_mw_stock_inter_warehouse_transit_mto_1211,PW-MW: Stock → Inter-warehouse transit (MTO),1,propagate,pull,20,seed_master_data_and_settings.company_jinasena_pvt_ltd,Jinasena_MasterData_Stock.stock_location_inter_warehouse_transit,,stock.route_warehouse0_mto,mts_else_mto,Jinasena_MasterData_Stock.stock_picking_type_delivery_orders_128,0,1,seed_master_data_and_settings.warehouse_pw_mw_c1,,manual
stock_rule_pw_mw_stock_inter_warehouse_transit_mto_1226,PW-MW: Stock → Inter-warehouse transit (MTO),1,propagate,pull,20,seed_master_data_and_settings.company_jinasena_pvt_ltd,Jinasena_MasterData_Stock.stock_location_inter_warehouse_transit,,stock.route_warehouse0_mto,mts_else_mto,Jinasena_MasterData_Stock.stock_picking_type_delivery_orders_128,0,1,seed_master_data_and_settings.warehouse_pw_mw_c1,,manual
stock_rule_pw_mw_stock_inter_warehouse_transit_1227,PW-MW: Stock → Inter-warehouse transit,1,propagate,pull,20,seed_master_data_and_settings.company_jinasena_pvt_ltd,Jinasena_MasterData_Stock.stock_location_inter_warehouse_transit,,Jinasena_MasterData_Stock.stock_route_production_warehouse_for_machining_and_a_478,make_to_order,Jinasena_MasterData_Stock.stock_picking_type_delivery_orders_128,0,,seed_master_data_and_settings.warehouse_pw_mw_c1,,manual
stock_rule_pw_ma_inter_warehouse_transit_stock,PW-MA: Inter-warehouse transit → Stock,1,propagate,pull,20,seed_master_data_and_settings.company_jinasena_pvt_ltd,,Jinasena_MasterData_Stock.stock_location_inter_warehouse_transit,Jinasena_MasterData_Stock.stock_route_production_warehouse_for_machining_and_a_478,make_to_order,Jinasena_MasterData_Stock.stock_picking_type_receipts_776,0,,seed_master_data_and_settings.warehouse_pw_ma_c1,seed_master_data_and_settings.warehouse_pw_mw_c1,manual
stock_rule_pl_ek_stock_inter_warehouse_transit_mto,PL-EK: Stock → Inter-warehouse transit (MTO),1,propagate,pull,20,seed_master_data_and_settings.company_jinasena_pvt_ltd,Jinasena_MasterData_Stock.stock_location_inter_warehouse_transit,,stock.route_warehouse0_mto,mts_else_mto,Jinasena_MasterData_Stock.stock_picking_type_delivery_orders_789,0,1,seed_master_data_and_settings.warehouse_pl_ek_c1,,manual
stock_rule_pl_ek_stock_inter_warehouse_transit,PL-EK: Stock → Inter-warehouse transit,1,propagate,pull,20,seed_master_data_and_settings.company_jinasena_pvt_ltd,Jinasena_MasterData_Stock.stock_location_inter_warehouse_transit,,Jinasena_MasterData_Stock.stock_route_raw_material_main_warehouse_rp_ek_supply_484,make_to_order,Jinasena_MasterData_Stock.stock_picking_type_delivery_orders_789,0,,seed_master_data_and_settings.warehouse_pl_ek_c1,,manual
stock_rule_rp_ek_inter_warehouse_transit_stock,RP-EK: Inter-warehouse transit → Stock,1,propagate,pull,20,seed_master_data_and_settings.company_jinasena_pvt_ltd,,Jinasena_MasterData_Stock.stock_location_inter_warehouse_transit,Jinasena_MasterData_Stock.stock_route_raw_material_main_warehouse_rp_ek_supply_484,make_to_order,Jinasena_MasterData_Stock.stock_picking_type_receipts_145,0,,seed_master_data_and_settings.warehouse_rp_ek_c1,seed_master_data_and_settings.warehouse_pl_ek_c1,manual
stock_rule_cw_cm_stock_inter_warehouse_transit_mto_1245,CW-CM: Stock → Inter-warehouse transit (MTO),1,propagate,pull,20,seed_master_data_and_settings.company_jinasena_pvt_ltd,Jinasena_MasterData_Stock.stock_location_inter_warehouse_transit,,stock.route_warehouse0_mto,mts_else_mto,Jinasena_MasterData_Stock.stock_picking_type_delivery_orders,0,1,seed_master_data_and_settings.warehouse_cw_cm_c1,,manual
stock_rule_cw_cm_stock_inter_warehouse_transit_1246,CW-CM: Stock → Inter-warehouse transit,1,propagate,pull,20,seed_master_data_and_settings.company_jinasena_pvt_ltd,Jinasena_MasterData_Stock.stock_location_inter_warehouse_transit,,Jinasena_MasterData_Stock.stock_route_production_warehouse_for_machining_and_a_488,make_to_order,Jinasena_MasterData_Stock.stock_picking_type_delivery_orders,0,,seed_master_data_and_settings.warehouse_cw_cm_c1,,manual
stock_rule_pw_ma_inter_warehouse_transit_stock_1247,PW-MA: Inter-warehouse transit → Stock,1,propagate,pull,20,seed_master_data_and_settings.company_jinasena_pvt_ltd,,Jinasena_MasterData_Stock.stock_location_inter_warehouse_transit,Jinasena_MasterData_Stock.stock_route_production_warehouse_for_machining_and_a_488,make_to_order,Jinasena_MasterData_Stock.stock_picking_type_receipts_776,0,,seed_master_data_and_settings.warehouse_pw_ma_c1,seed_master_data_and_settings.warehouse_cw_cm_c1,manual
stock_rule_pw_ma_stock_inter_warehouse_transit_mto,PW-MA: Stock → Inter-warehouse transit (MTO),1,propagate,pull,20,seed_master_data_and_settings.company_jinasena_pvt_ltd,Jinasena_MasterData_Stock.stock_location_inter_warehouse_transit,,stock.route_warehouse0_mto,mts_else_mto,Jinasena_MasterData_Stock.stock_picking_type_delivery_orders_777,0,1,seed_master_data_and_settings.warehouse_pw_ma_c1,,manual
stock_rule_pw_ma_stock_inter_warehouse_transit,PW-MA: Stock → Inter-warehouse transit,1,propagate,pull,20,seed_master_data_and_settings.company_jinasena_pvt_ltd,Jinasena_MasterData_Stock.stock_location_inter_warehouse_transit,,Jinasena_MasterData_Stock.stock_route_production_warehouse_pw_e1_supply_produc_489,make_to_order,Jinasena_MasterData_Stock.stock_picking_type_delivery_orders_777,0,,seed_master_data_and_settings.warehouse_pw_ma_c1,,manual
stock_rule_pw_e1_inter_warehouse_transit_stock_1250,PW-E1: Inter-warehouse transit → Stock,1,propagate,pull,20,seed_master_data_and_settings.company_jinasena_pvt_ltd,,Jinasena_MasterData_Stock.stock_location_inter_warehouse_transit,Jinasena_MasterData_Stock.stock_route_production_warehouse_pw_e1_supply_produc_489,make_to_order,Jinasena_MasterData_Stock.stock_picking_type_receipts_136,0,,seed_master_data_and_settings.warehouse_pw_e1_c1,seed_master_data_and_settings.warehouse_pw_ma_c1,manual
stock_rule_pw_ma_stock_inter_warehouse_transit_mto_1252,PW-MA: Stock → Inter-warehouse transit (MTO),1,propagate,pull,20,seed_master_data_and_settings.company_jinasena_pvt_ltd,Jinasena_MasterData_Stock.stock_location_inter_warehouse_transit,,stock.route_warehouse0_mto,mts_else_mto,Jinasena_MasterData_Stock.stock_picking_type_delivery_orders_777,0,1,seed_master_data_and_settings.warehouse_pw_ma_c1,,manual
stock_rule_pw_ma_stock_inter_warehouse_transit_1253,PW-MA: Stock → Inter-warehouse transit,1,propagate,pull,20,seed_master_data_and_settings.company_jinasena_pvt_ltd,Jinasena_MasterData_Stock.stock_location_inter_warehouse_transit,,Jinasena_MasterData_Stock.stock_route_production_warehouse_pw_je_supply_produc_490,make_to_order,Jinasena_MasterData_Stock.stock_picking_type_delivery_orders_777,0,,seed_master_data_and_settings.warehouse_pw_ma_c1,,manual
stock_rule_pw_je_inter_warehouse_transit_stock_1254,PW-JE: Inter-warehouse transit → Stock,1,propagate,pull,20,seed_master_data_and_settings.company_jinasena_pvt_ltd,,Jinasena_MasterData_Stock.stock_location_inter_warehouse_transit,Jinasena_MasterData_Stock.stock_route_production_warehouse_pw_je_supply_produc_490,make_to_order,Jinasena_MasterData_Stock.stock_picking_type_receipts_118,0,,seed_master_data_and_settings.warehouse_pw_je_c1,seed_master_data_and_settings.warehouse_pw_ma_c1,manual
stock_rule_pl_ek_stock_inter_warehouse_transit_mto_1255,PL-EK: Stock → Inter-warehouse transit (MTO),1,propagate,pull,20,seed_master_data_and_settings.company_jinasena_pvt_ltd,Jinasena_MasterData_Stock.stock_location_inter_warehouse_transit,,stock.route_warehouse0_mto,mts_else_mto,Jinasena_MasterData_Stock.stock_picking_type_delivery_orders_789,0,1,seed_master_data_and_settings.warehouse_pl_ek_c1,,manual
stock_rule_pl_ek_stock_inter_warehouse_transit_1256,PL-EK: Stock → Inter-warehouse transit,1,propagate,pull,20,seed_master_data_and_settings.company_jinasena_pvt_ltd,Jinasena_MasterData_Stock.stock_location_inter_warehouse_transit,,Jinasena_MasterData_Stock.stock_route_production_warehouse_for_machining_and_a_491,make_to_order,Jinasena_MasterData_Stock.stock_picking_type_delivery_orders_789,0,,seed_master_data_and_settings.warehouse_pl_ek_c1,,manual
stock_rule_pw_ma_inter_warehouse_transit_stock_1257,PW-MA: Inter-warehouse transit → Stock,1,propagate,pull,20,seed_master_data_and_settings.company_jinasena_pvt_ltd,,Jinasena_MasterData_Stock.stock_location_inter_warehouse_transit,Jinasena_MasterData_Stock.stock_route_production_warehouse_for_machining_and_a_491,make_to_order,Jinasena_MasterData_Stock.stock_picking_type_receipts_776,0,,seed_master_data_and_settings.warehouse_pw_ma_c1,seed_master_data_and_settings.warehouse_pl_ek_c1,manual
stock_rule_pl_ek_stock_inter_warehouse_transit_mto_1258,PL-EK: Stock → Inter-warehouse transit (MTO),1,propagate,pull,20,seed_master_data_and_settings.company_jinasena_pvt_ltd,Jinasena_MasterData_Stock.stock_location_inter_warehouse_transit,,stock.route_warehouse0_mto,mts_else_mto,Jinasena_MasterData_Stock.stock_picking_type_delivery_orders_789,0,1,seed_master_data_and_settings.warehouse_pl_ek_c1,,manual
stock_rule_pl_ek_stock_inter_warehouse_transit_1259,PL-EK: Stock → Inter-warehouse transit,1,propagate,pull,20,seed_master_data_and_settings.company_jinasena_pvt_ltd,Jinasena_MasterData_Stock.stock_location_inter_warehouse_transit,,Jinasena_MasterData_Stock.stock_route_production_warehouse_pw_je_supply_produc,make_to_order,Jinasena_MasterData_Stock.stock_picking_type_delivery_orders_789,0,,seed_master_data_and_settings.warehouse_pl_ek_c1,,manual
stock_rule_pw_je_inter_warehouse_transit_stock_1260,PW-JE: Inter-warehouse transit → Stock,1,propagate,pull,20,seed_master_data_and_settings.company_jinasena_pvt_ltd,,Jinasena_MasterData_Stock.stock_location_inter_warehouse_transit,Jinasena_MasterData_Stock.stock_route_production_warehouse_pw_je_supply_produc,make_to_order,Jinasena_MasterData_Stock.stock_picking_type_receipts_118,0,,seed_master_data_and_settings.warehouse_pw_je_c1,seed_master_data_and_settings.warehouse_pl_ek_c1,manual
stock_rule_mw_jc_stock_inter_warehouse_transit_mto_1261,MW-JC: Stock → Inter-warehouse transit (MTO),1,propagate,pull,20,seed_master_data_and_settings.company_jinasena_pvt_ltd,Jinasena_MasterData_Stock.stock_location_inter_warehouse_transit,,stock.route_warehouse0_mto,mts_else_mto,Jinasena_MasterData_Stock.stock_picking_type_delivery_orders_220,0,1,seed_master_data_and_settings.warehouse_mw_jc_c1,,manual
stock_rule_mw_jc_stock_inter_warehouse_transit_1262,MW-JC: Stock → Inter-warehouse transit,1,propagate,pull,20,seed_master_data_and_settings.company_jinasena_pvt_ltd,Jinasena_MasterData_Stock.stock_location_inter_warehouse_transit,,Jinasena_MasterData_Stock.stock_route_production_warehouse_for_machining_and_a,make_to_stock,Jinasena_MasterData_Stock.stock_picking_type_delivery_orders_220,0,,seed_master_data_and_settings.warehouse_mw_jc_c1,,manual
stock_rule_pw_ma_inter_warehouse_transit_stock_1263,PW-MA: Inter-warehouse transit → Stock,1,propagate,pull,20,seed_master_data_and_settings.company_jinasena_pvt_ltd,,Jinasena_MasterData_Stock.stock_location_inter_warehouse_transit,Jinasena_MasterData_Stock.stock_route_production_warehouse_for_machining_and_a,make_to_order,Jinasena_MasterData_Stock.stock_picking_type_receipts_776,0,,seed_master_data_and_settings.warehouse_pw_ma_c1,seed_master_data_and_settings.warehouse_mw_jc_c1,manual
stock_rule_mw_ek_stock_inter_warehouse_transit_mto_1271,MW-EK: Stock → Inter-warehouse transit (MTO),1,propagate,pull,20,seed_master_data_and_settings.company_jinasena_pvt_ltd,Jinasena_MasterData_Stock.stock_location_inter_warehouse_transit,,stock.route_warehouse0_mto,mts_else_mto,Jinasena_MasterData_Stock.stock_picking_type_delivery_orders_191,0,1,seed_master_data_and_settings.warehouse_mw_ek_c1,,manual
stock_rule_mw_ek_stock_inter_warehouse_transit_1272,MW-EK: Stock → Inter-warehouse transit,1,propagate,pull,20,seed_master_data_and_settings.company_jinasena_pvt_ltd,Jinasena_MasterData_Stock.stock_location_inter_warehouse_transit,,Jinasena_MasterData_Stock.stock_route_plastic_warehouse_pl_ek_supply_product_f,make_to_order,Jinasena_MasterData_Stock.stock_picking_type_delivery_orders_191,0,,seed_master_data_and_settings.warehouse_mw_ek_c1,,manual
stock_rule_pl_ek_inter_warehouse_transit_stock,PL-EK: Inter-warehouse transit → Stock,1,propagate,pull,20,seed_master_data_and_settings.company_jinasena_pvt_ltd,,Jinasena_MasterData_Stock.stock_location_inter_warehouse_transit,Jinasena_MasterData_Stock.stock_route_plastic_warehouse_pl_ek_supply_product_f,make_to_order,Jinasena_MasterData_Stock.stock_picking_type_receipts_788,0,,seed_master_data_and_settings.warehouse_pl_ek_c1,seed_master_data_and_settings.warehouse_mw_ek_c1,manual
stock_rule_pw_e1_stock_inter_warehouse_transit_mto_1275,PW-E1: Stock → Inter-warehouse transit (MTO),1,propagate,pull,20,seed_master_data_and_settings.company_jinasena_pvt_ltd,Jinasena_MasterData_Stock.stock_location_inter_warehouse_transit,,stock.route_warehouse0_mto,mts_else_mto,Jinasena_MasterData_Stock.stock_picking_type_delivery_orders_137,0,1,seed_master_data_and_settings.warehouse_pw_e1_c1,,manual
stock_rule_pw_e1_stock_inter_warehouse_transit_1276,PW-E1: Stock → Inter-warehouse transit,1,propagate,pull,20,seed_master_data_and_settings.company_jinasena_pvt_ltd,Jinasena_MasterData_Stock.stock_location_inter_warehouse_transit,,Jinasena_MasterData_Stock.stock_route_main_warehouse_mw_ek_supply_product_from,make_to_stock,Jinasena_MasterData_Stock.stock_picking_type_delivery_orders_137,0,,seed_master_data_and_settings.warehouse_pw_e1_c1,,manual
stock_rule_mw_ek_inter_warehouse_transit_stock,MW-EK: Inter-warehouse transit → Stock,1,propagate,pull,20,seed_master_data_and_settings.company_jinasena_pvt_ltd,,Jinasena_MasterData_Stock.stock_location_inter_warehouse_transit,Jinasena_MasterData_Stock.stock_route_main_warehouse_mw_ek_supply_product_from,make_to_order,Jinasena_MasterData_Stock.stock_picking_type_receipts_190,0,,seed_master_data_and_settings.warehouse_mw_ek_c1,seed_master_data_and_settings.warehouse_pw_e1_c1,manual
stock_rule_pw_ma_stock_inter_warehouse_transit_mto_1278,PW-MA: Stock → Inter-warehouse transit (MTO),1,propagate,pull,20,seed_master_data_and_settings.company_jinasena_pvt_ltd,Jinasena_MasterData_Stock.stock_location_inter_warehouse_transit,,stock.route_warehouse0_mto,mts_else_mto,Jinasena_MasterData_Stock.stock_picking_type_delivery_orders_777,0,1,seed_master_data_and_settings.warehouse_pw_ma_c1,,manual
stock_rule_pw_ma_stock_inter_warehouse_transit_1279,PW-MA: Stock → Inter-warehouse transit,1,propagate,pull,20,seed_master_data_and_settings.company_jinasena_pvt_ltd,Jinasena_MasterData_Stock.stock_location_inter_warehouse_transit,,Jinasena_MasterData_Stock.stock_route_raw_material_main_warehouse_rp_ek_supply,make_to_order,Jinasena_MasterData_Stock.stock_picking_type_delivery_orders_777,0,,seed_master_data_and_settings.warehouse_pw_ma_c1,,manual
stock_rule_rp_ek_inter_warehouse_transit_stock_1280,RP-EK: Inter-warehouse transit → Stock,1,propagate,pull,20,seed_master_data_and_settings.company_jinasena_pvt_ltd,,Jinasena_MasterData_Stock.stock_location_inter_warehouse_transit,Jinasena_MasterData_Stock.stock_route_raw_material_main_warehouse_rp_ek_supply,make_to_order,Jinasena_MasterData_Stock.stock_picking_type_receipts_145,0,,seed_master_data_and_settings.warehouse_rp_ek_c1,seed_master_data_and_settings.warehouse_pw_ma_c1,manual
stock_rule_copy_stock_customers,COPY: Stock → Customers,1,propagate,pull,20,seed_master_data_and_settings.company_jinasena_agricultural_machinery,stock.stock_location_customers,,,make_to_stock,Jinasena_MasterData_Stock.stock_picking_type_delivery_orders_1072,0,1,seed_master_data_and_settings.warehouse_rc_wm_c2,,manual
stock_rule_copy_input_output,COPY: Input → Output,1,propagate,pull,20,seed_master_data_and_settings.company_jinasena_agricultural_machinery,,,,make_to_order,Jinasena_MasterData_Stock.stock_picking_type_internal_transfers_1075,0,,seed_master_data_and_settings.warehouse_rc_wm_c2,,manual
stock_rule_copy_output_customers,COPY: Output → Customers,1,propagate,pull,20,seed_master_data_and_settings.company_jinasena_agricultural_machinery,stock.stock_location_customers,,,make_to_order,Jinasena_MasterData_Stock.stock_picking_type_delivery_orders_1072,0,,seed_master_data_and_settings.warehouse_rc_wm_c2,,manual
stock_rule_td_ho_stock_stock_mto,TD-HO: Stock → Stock (MTO),1,propagate,pull,20,seed_master_data_and_settings.company_jinasena_agricultural_machinery,,,stock.route_warehouse0_mto,mts_else_mto,Jinasena_MasterData_Stock.stock_picking_type_manufacturing_1094,0,,seed_master_data_and_settings.warehouse_td_ho_c2,,manual
stock_rule_jm_ek_stock_inter_warehouse_transit_mto_1507,JM-EK: Stock → Inter-warehouse transit (MTO),1,propagate,pull,20,seed_master_data_and_settings.company_jinasena_agricultural_machinery,Jinasena_MasterData_Stock.stock_location_inter_warehouse_transit_193,,stock.route_warehouse0_mto,mts_else_mto,Jinasena_MasterData_Stock.stock_picking_type_delivery_orders_753,0,1,seed_master_data_and_settings.warehouse_jm_ek_c2,,manual
stock_rule_jm_ek_stock_inter_warehouse_transit,JM-EK: Stock → Inter-warehouse transit,1,propagate,pull,20,seed_master_data_and_settings.company_jinasena_agricultural_machinery,Jinasena_MasterData_Stock.stock_location_inter_warehouse_transit_193,,Jinasena_MasterData_Stock.stock_route_repairs_warehouse_rp_jm_supply_product_f,make_to_stock,Jinasena_MasterData_Stock.stock_picking_type_delivery_orders_753,0,,seed_master_data_and_settings.warehouse_jm_ek_c2,,manual
stock_rule_rp_jm_inter_warehouse_transit_stock_1509,RP-JM: Inter-warehouse transit → Stock,1,propagate,pull,20,seed_master_data_and_settings.company_jinasena_agricultural_machinery,,Jinasena_MasterData_Stock.stock_location_inter_warehouse_transit_193,Jinasena_MasterData_Stock.stock_route_repairs_warehouse_rp_jm_supply_product_f,make_to_order,Jinasena_MasterData_Stock.stock_picking_type_receipts_509,0,,seed_master_data_and_settings.warehouse_rp_jm_c2,seed_master_data_and_settings.warehouse_jm_ek_c2,manual
stock_rule_br_ek_stock_inter_warehouse_transit_mto,BR-EK: Stock → Inter-warehouse transit (MTO),1,propagate,pull,20,seed_master_data_and_settings.company_jinasena_agricultural_machinery,Jinasena_MasterData_Stock.stock_location_inter_warehouse_transit_193,,stock.route_warehouse0_mto,mts_else_mto,Jinasena_MasterData_Stock.stock_picking_type_delivery_orders_522,0,1,seed_master_data_and_settings.warehouse_br_ek_c2,,manual
stock_rule_inter_warehouse_transit,Inter Warehouse Transit,1,propagate,push,21,seed_master_data_and_settings.company_jinasena_agricultural_machinery,,Jinasena_MasterData_Stock.stock_location_transit_666,Jinasena_MasterData_Stock.stock_route_inter_warehouse_transit,make_to_stock,Jinasena_MasterData_Stock.stock_picking_type_internal_transfers_501,0,,,,manual
stock_rule_manufacture_1,Manufacture_1,1,propagate,manufacture,21,seed_master_data_and_settings.company_jinasena_pvt_ltd,,,Jinasena_MasterData_Stock.stock_route_manufacture_1,make_to_stock,Jinasena_MasterData_Stock.stock_picking_type_manufacturing_796,0,,,,manual
stock_rule_inter_warehouse_transit_1102,Inter Warehouse Transit,1,propagate,push,22,seed_master_data_and_settings.company_jinasena_agricultural_machinery,,Jinasena_MasterData_Stock.stock_location_transit,Jinasena_MasterData_Stock.stock_route_inter_warehouse_transit,make_to_stock,Jinasena_MasterData_Stock.stock_picking_type_internal_transfers_525,0,,,,manual
stock_rule_manufacture_1_1266,Manufacture_1,1,propagate,manufacture,22,seed_master_data_and_settings.company_jinasena_pvt_ltd,,,Jinasena_MasterData_Stock.stock_route_manufacture_1,make_to_stock,Jinasena_MasterData_Stock.stock_picking_type_manufacturing_143,0,,,,manual
stock_rule_to_br_ek_stock,To BR-EK/Stock,1,propagate,push,23,seed_master_data_and_settings.company_jinasena_pvt_ltd,,,Jinasena_MasterData_Stock.stock_route_transit_to_stock,make_to_stock,Jinasena_MasterData_Stock.stock_picking_type_internal_transfers_263,0,,,,manual
stock_rule_manufacture_1_1267,Manufacture_1,1,propagate,manufacture,23,seed_master_data_and_settings.company_jinasena_pvt_ltd,,,Jinasena_MasterData_Stock.stock_route_manufacture_1,make_to_stock,Jinasena_MasterData_Stock.stock_picking_type_manufacturing_226,0,,,,manual
stock_rule_puch_to_cw_cm_stock,Puch to CW-CM/STOCK,1,propagate,push,24,seed_master_data_and_settings.company_jinasena_pvt_ltd,,,Jinasena_MasterData_Stock.stock_route_transit_to_stock,make_to_stock,Jinasena_MasterData_Stock.stock_picking_type_internal_transfers,0,,,,manual
stock_rule_manufacture_1_1268,Manufacture_1,1,propagate,manufacture,24,seed_master_data_and_settings.company_jinasena_pvt_ltd,,,Jinasena_MasterData_Stock.stock_route_manufacture_1,make_to_stock,Jinasena_MasterData_Stock.stock_picking_type_manufacturing_125,0,,,,manual
stock_rule_cw_cm_stock,CW-CM/STOCK,1,propagate,push,25,seed_master_data_and_settings.company_jinasena_pvt_ltd,,,Jinasena_MasterData_Stock.stock_route_transit_to_stock,make_to_stock,Jinasena_MasterData_Stock.stock_picking_type_internal_transfers,0,,,,manual
stock_rule_manufacture,Manufacture,1,propagate,manufacture,25,seed_master_data_and_settings.company_jinasena_pvt_ltd,,,mrp.route_warehouse0_manufacture,make_to_stock,Jinasena_MasterData_Stock.stock_picking_type_manufacturing_784,0,,,,manual
stock_rule_rp_ek_stock,RP-EK/STOCK,1,propagate,push,26,seed_master_data_and_settings.company_jinasena_pvt_ltd,,Jinasena_MasterData_Stock.stock_location_finishgood_480,Jinasena_MasterData_Stock.stock_route_transit_to_stock,make_to_stock,Jinasena_MasterData_Stock.stock_picking_type_internal_transfers_149,0,,,,manual
stock_rule_manufacture_1270,Manufacture,1,propagate,manufacture,26,seed_master_data_and_settings.company_jinasena_pvt_ltd,,,mrp.route_warehouse0_manufacture,make_to_stock,Jinasena_MasterData_Stock.stock_picking_type_manufacturing_784,0,,,,manual
stock_rule_rp_ek,RP-EK,1,propagate,push,27,seed_master_data_and_settings.company_jinasena_pvt_ltd,,Jinasena_MasterData_Stock.stock_location_finishgood_480,Jinasena_MasterData_Stock.stock_route_finishgood_to_stock,make_to_stock,Jinasena_MasterData_Stock.stock_picking_type_internal_transfers_149,0,,,,manual
stock_rule_mw_ek,MW-EK,1,propagate,push,28,seed_master_data_and_settings.company_jinasena_pvt_ltd,,Jinasena_MasterData_Stock.stock_location_finishgood,Jinasena_MasterData_Stock.stock_route_finishgood_to_stock,make_to_stock,Jinasena_MasterData_Stock.stock_picking_type_internal_transfers_194,0,,,,manual
