id,name,complete_name,active,usage,location_id/id,comment,posx,posy,posz,parent_path,company_id/id,scrap_location,return_location,replenish_location,barcode,cyclic_inventory_frequency,last_inventory_date,warehouse_id/id,valuation_in_account_id/id,valuation_out_account_id/id,x_color,x_studio_finished_good_location,x_studio_repair_return_location,x_studio_repair_factory_location,x_studio_temp_location
stock_location_br_am,BR-AM,BR-AM,1,view,,<p><br></p>,0,0,0,1/148/,,,,,,0,,Jinasena_MasterData_Stock.stock_warehouse_br_am_warehouse_for_ampara_sales_center,,,4,,,,
stock_location_br_am_767,BR-AM,BR-AM,1,view,,,0,0,0,1/767/,Jinasena_MasterData_Common.res_company_jinasena_agricultural_machinery_pvt_ltd,,,,,0,,Jinasena_MasterData_Stock.stock_warehouse_branch_warehouse_ampara,,,0,,,,
stock_location_intransit,Intransit,BR-AM/Intransit,1,transit,Jinasena_MasterData_Stock.stock_location_br_am,,0,0,0,1/148/1027/,,,,,,0,,Jinasena_MasterData_Stock.stock_warehouse_br_am_warehouse_for_ampara_sales_center,,,0,,,,
stock_location_intransit_1049,Intransit,BR-AM/Intransit,1,transit,Jinasena_MasterData_Stock.stock_location_br_am_767,,0,0,0,1/767/1049/,Jinasena_MasterData_Common.res_company_jinasena_agricultural_machinery_pvt_ltd,,,,,0,,Jinasena_MasterData_Stock.stock_warehouse_branch_warehouse_ampara,,,0,,,,
stock_location_repair,Repair,BR-AM/Repair,1,repair,Jinasena_MasterData_Stock.stock_location_br_am,,0,0,0,1/148/1087/,,,,,,0,,Jinasena_MasterData_Stock.stock_warehouse_br_am_warehouse_for_ampara_sales_center,,,0,,,,
stock_location_repair_1109,Repair,BR-AM/Repair,1,repair,Jinasena_MasterData_Stock.stock_location_br_am_767,,0,0,0,1/767/1109/,Jinasena_MasterData_Common.res_company_jinasena_agricultural_machinery_pvt_ltd,,,,,0,,Jinasena_MasterData_Stock.stock_warehouse_branch_warehouse_ampara,,,0,,,,
stock_location_stock,Stock,BR-AM/Stock,1,internal,Jinasena_MasterData_Stock.stock_location_br_am,<p><br></p>,0,0,0,1/148/149/,,,,1,BR-AM-STOCK,0,2024-06-18,Jinasena_MasterData_Stock.stock_warehouse_br_am_warehouse_for_ampara_sales_center,,,0,,1,,
stock_location_stock_768,Stock,BR-AM/Stock,1,internal,Jinasena_MasterData_Stock.stock_location_br_am_767,,0,0,0,1/767/768/,Jinasena_MasterData_Common.res_company_jinasena_agricultural_machinery_pvt_ltd,,1,1,BR-AM-STOCK,0,2026-09-01,Jinasena_MasterData_Stock.stock_warehouse_branch_warehouse_ampara,,,0,,1,1,
stock_location_br_an,BR-AN,BR-AN,1,view,,,0,0,0,1/157/,,,,,,0,,Jinasena_MasterData_Stock.stock_warehouse_br_an_warehouse_for_anuradhapura_sales_c,,,0,,,,
stock_location_br_an_775,BR-AN,BR-AN,1,view,,,0,0,0,1/775/,Jinasena_MasterData_Common.res_company_jinasena_agricultural_machinery_pvt_ltd,,,,,0,,Jinasena_MasterData_Stock.stock_warehouse_branch_warehouse_anuradhapura,,,0,,,,
stock_location_intransit_1050,Intransit,BR-AN/Intransit,1,transit,Jinasena_MasterData_Stock.stock_location_br_an_775,,0,0,0,1/775/1050/,Jinasena_MasterData_Common.res_company_jinasena_agricultural_machinery_pvt_ltd,,,,,0,,Jinasena_MasterData_Stock.stock_warehouse_branch_warehouse_anuradhapura,,,0,,,,
stock_location_intransit_1071,Intransit,BR-AN/Intransit,1,transit,Jinasena_MasterData_Stock.stock_location_br_an,,0,0,0,1/157/1071/,,,,,,0,,Jinasena_MasterData_Stock.stock_warehouse_br_an_warehouse_for_anuradhapura_sales_c,,,0,,,,
stock_location_repair_1110,Repair,BR-AN/Repair,1,repair,Jinasena_MasterData_Stock.stock_location_br_an_775,,0,0,0,1/775/1110/,Jinasena_MasterData_Common.res_company_jinasena_agricultural_machinery_pvt_ltd,,,,,0,,Jinasena_MasterData_Stock.stock_warehouse_branch_warehouse_anuradhapura,,,0,,,,
stock_location_repair_1132,Repair,BR-AN/Repair,1,repair,Jinasena_MasterData_Stock.stock_location_br_an,,0,0,0,1/157/1132/,,,,,,0,,Jinasena_MasterData_Stock.stock_warehouse_br_an_warehouse_for_anuradhapura_sales_c,,,0,,,,
stock_location_stock_158,Stock,BR-AN/Stock,1,internal,Jinasena_MasterData_Stock.stock_location_br_an,<p><br></p>,0,0,0,1/157/158/,,,,1,BR-AN-STOCK,0,2023-09-29,Jinasena_MasterData_Stock.stock_warehouse_br_an_warehouse_for_anuradhapura_sales_c,,,0,,1,,
stock_location_stock_776,Stock,BR-AN/Stock,1,internal,Jinasena_MasterData_Stock.stock_location_br_an_775,,0,0,0,1/775/776/,Jinasena_MasterData_Common.res_company_jinasena_agricultural_machinery_pvt_ltd,,,1,BR-AN-STOCK,0,2026-08-19,Jinasena_MasterData_Stock.stock_warehouse_branch_warehouse_anuradhapura,,,0,,,,
stock_location_br_av,BR-AV,BR-AV,1,view,,,0,0,0,1/783/,Jinasena_MasterData_Common.res_company_jinasena_agricultural_machinery_pvt_ltd,,,,,0,,Jinasena_MasterData_Stock.stock_warehouse_branch_warehouse_avissawella,,,0,,,,
stock_location_intransit_1051,Intransit,BR-AV/Intransit,1,transit,Jinasena_MasterData_Stock.stock_location_br_av,,0,0,0,1/783/1051/,Jinasena_MasterData_Common.res_company_jinasena_agricultural_machinery_pvt_ltd,,,,,0,,Jinasena_MasterData_Stock.stock_warehouse_branch_warehouse_avissawella,,,0,,,,
stock_location_repair_1111,Repair,BR-AV/Repair,1,repair,Jinasena_MasterData_Stock.stock_location_br_av,,0,0,0,1/783/1111/,Jinasena_MasterData_Common.res_company_jinasena_agricultural_machinery_pvt_ltd,,,,,0,,Jinasena_MasterData_Stock.stock_warehouse_branch_warehouse_avissawella,,,0,,,,
stock_location_stock_784,Stock,BR-AV/Stock,1,internal,Jinasena_MasterData_Stock.stock_location_br_av,,0,0,0,1/783/784/,Jinasena_MasterData_Common.res_company_jinasena_agricultural_machinery_pvt_ltd,,,1,BR-AV-STOCK,0,2026-07-01,Jinasena_MasterData_Stock.stock_warehouse_branch_warehouse_avissawella,,,0,,1,,
stock_location_br_ba,BR-BA,BR-BA,1,view,,,0,0,0,1/791/,Jinasena_MasterData_Common.res_company_jinasena_agricultural_machinery_pvt_ltd,,,,,0,,Jinasena_MasterData_Stock.stock_warehouse_branch_warehouse_bandarawela,,,0,,,,
stock_location_intransit_1052,Intransit,BR-BA/Intransit,1,transit,Jinasena_MasterData_Stock.stock_location_br_ba,,0,0,0,1/791/1052/,Jinasena_MasterData_Common.res_company_jinasena_agricultural_machinery_pvt_ltd,,,,,0,,Jinasena_MasterData_Stock.stock_warehouse_branch_warehouse_bandarawela,,,0,,,,
stock_location_repair_1112,Repair,BR-BA/Repair,1,repair,Jinasena_MasterData_Stock.stock_location_br_ba,,0,0,0,1/791/1112/,Jinasena_MasterData_Common.res_company_jinasena_agricultural_machinery_pvt_ltd,,,,,0,,Jinasena_MasterData_Stock.stock_warehouse_branch_warehouse_bandarawela,,,0,,,,
stock_location_stock_792,Stock,BR-BA/Stock,1,internal,Jinasena_MasterData_Stock.stock_location_br_ba,,0,0,0,1/791/792/,Jinasena_MasterData_Common.res_company_jinasena_agricultural_machinery_pvt_ltd,,,1,BR-BA-STOCK,0,2025-10-07,Jinasena_MasterData_Stock.stock_warehouse_branch_warehouse_bandarawela,,,0,,,,
stock_location_br_be,BR-BE,BR-BE,1,view,,,0,0,0,1/799/,Jinasena_MasterData_Common.res_company_jinasena_agricultural_machinery_pvt_ltd,,,,,0,,Jinasena_MasterData_Stock.stock_warehouse_branch_warehouse_beruwela,,,0,,,,
stock_location_intransit_1053,Intransit,BR-BE/Intransit,1,transit,Jinasena_MasterData_Stock.stock_location_br_be,,0,0,0,1/799/1053/,Jinasena_MasterData_Common.res_company_jinasena_agricultural_machinery_pvt_ltd,,,,,0,,Jinasena_MasterData_Stock.stock_warehouse_branch_warehouse_beruwela,,,0,,,,
stock_location_repair_1113,Repair,BR-BE/Repair,1,repair,Jinasena_MasterData_Stock.stock_location_br_be,,0,0,0,1/799/1113/,Jinasena_MasterData_Common.res_company_jinasena_agricultural_machinery_pvt_ltd,,,,,0,,Jinasena_MasterData_Stock.stock_warehouse_branch_warehouse_beruwela,,,0,,,,
stock_location_stock_800,Stock,BR-BE/Stock,1,internal,Jinasena_MasterData_Stock.stock_location_br_be,,0,0,0,1/799/800/,Jinasena_MasterData_Common.res_company_jinasena_agricultural_machinery_pvt_ltd,,,1,BR-BE-STOCK,0,2025-10-07,Jinasena_MasterData_Stock.stock_warehouse_branch_warehouse_beruwela,,,0,,,,
stock_location_br_bu,BR-BU,BR-BU,1,view,,,0,0,0,1/807/,Jinasena_MasterData_Common.res_company_jinasena_agricultural_machinery_pvt_ltd,,,,,0,,Jinasena_MasterData_Stock.stock_warehouse_branch_warehouse_buttala,,,0,,,,
stock_location_intransit_1054,Intransit,BR-BU/Intransit,1,transit,Jinasena_MasterData_Stock.stock_location_br_bu,,0,0,0,1/807/1054/,Jinasena_MasterData_Common.res_company_jinasena_agricultural_machinery_pvt_ltd,,,,,0,,Jinasena_MasterData_Stock.stock_warehouse_branch_warehouse_buttala,,,0,,,,
stock_location_repair_1114,Repair,BR-BU/Repair,1,repair,Jinasena_MasterData_Stock.stock_location_br_bu,,0,0,0,1/807/1114/,Jinasena_MasterData_Common.res_company_jinasena_agricultural_machinery_pvt_ltd,,,,,0,,Jinasena_MasterData_Stock.stock_warehouse_branch_warehouse_buttala,,,0,,,,
stock_location_stock_808,Stock,BR-BU/Stock,1,internal,Jinasena_MasterData_Stock.stock_location_br_bu,,0,0,0,1/807/808/,Jinasena_MasterData_Common.res_company_jinasena_agricultural_machinery_pvt_ltd,,,1,BR-BU-STOCK,0,2025-10-07,Jinasena_MasterData_Stock.stock_warehouse_branch_warehouse_buttala,,,0,,,,
stock_location_br_da,BR-DA,BR-DA,1,view,,,0,0,0,1/815/,Jinasena_MasterData_Common.res_company_jinasena_agricultural_machinery_pvt_ltd,,,,,0,,Jinasena_MasterData_Stock.stock_warehouse_branch_warehouse_dambulla,,,0,,,,
stock_location_intransit_1055,Intransit,BR-DA/Intransit,1,transit,Jinasena_MasterData_Stock.stock_location_br_da,,0,0,0,1/815/1055/,Jinasena_MasterData_Common.res_company_jinasena_agricultural_machinery_pvt_ltd,,,,,0,,Jinasena_MasterData_Stock.stock_warehouse_branch_warehouse_dambulla,,,0,,,,
stock_location_repair_1115,Repair,BR-DA/Repair,1,repair,Jinasena_MasterData_Stock.stock_location_br_da,,0,0,0,1/815/1115/,Jinasena_MasterData_Common.res_company_jinasena_agricultural_machinery_pvt_ltd,,,,,0,,Jinasena_MasterData_Stock.stock_warehouse_branch_warehouse_dambulla,,,0,,,,
stock_location_stock_816,Stock,BR-DA/Stock,1,internal,Jinasena_MasterData_Stock.stock_location_br_da,,0,0,0,1/815/816/,Jinasena_MasterData_Common.res_company_jinasena_agricultural_machinery_pvt_ltd,,,1,BR-DA-STOCK,0,2025-10-07,Jinasena_MasterData_Stock.stock_warehouse_branch_warehouse_dambulla,,,0,,,,
stock_location_br_ek,BR-EK,BR-EK,1,view,,,0,0,0,1/352/,,,,,,0,,Jinasena_MasterData_Stock.stock_warehouse_br_ek_warehouse_for_ekala_sales_center,,,0,,,,
stock_location_br_ek_526,BR-EK,BR-EK,1,view,,,0,0,0,1/526/,Jinasena_MasterData_Common.res_company_jinasena_agricultural_machinery_pvt_ltd,,,,,0,,Jinasena_MasterData_Stock.stock_warehouse_branch_warehouse_ekala_br_ek,,,0,,,,
stock_location_br_ek_1015,BR-EK,BR-EK,1,internal,,,0,0,0,1015/,Jinasena_MasterData_Common.res_company_jinasena_agricultural_machinery_pvt_ltd,,,,,0,2026-09-01,,,,0,,,,
stock_location_intransit_1031,Intransit,BR-EK/Intransit,1,transit,Jinasena_MasterData_Stock.stock_location_br_ek_526,,0,0,0,1/526/1031/,Jinasena_MasterData_Common.res_company_jinasena_agricultural_machinery_pvt_ltd,,,,,0,,Jinasena_MasterData_Stock.stock_warehouse_branch_warehouse_ekala_br_ek,,,0,,,,
stock_location_intransit_1076,Intransit,BR-EK/Intransit,1,transit,Jinasena_MasterData_Stock.stock_location_br_ek,,0,0,0,1/352/1076/,,,,,,0,,Jinasena_MasterData_Stock.stock_warehouse_br_ek_warehouse_for_ekala_sales_center,,,0,,,,
stock_location_repair_1091,Repair,BR-EK/Repair,1,repair,Jinasena_MasterData_Stock.stock_location_br_ek_526,,0,0,0,1/526/1091/,Jinasena_MasterData_Common.res_company_jinasena_agricultural_machinery_pvt_ltd,,,,,0,,Jinasena_MasterData_Stock.stock_warehouse_branch_warehouse_ekala_br_ek,,,0,,,,
stock_location_repair_1137,Repair,BR-EK/Repair,1,repair,Jinasena_MasterData_Stock.stock_location_br_ek,,0,0,0,1/352/1137/,,,,,,0,,Jinasena_MasterData_Stock.stock_warehouse_br_ek_warehouse_for_ekala_sales_center,,,0,,,,
stock_location_stock_353,Stock,BR-EK/Stock,1,internal,Jinasena_MasterData_Stock.stock_location_br_ek,<p><br></p>,0,0,0,1/352/353/,,,1,1,BR-EK-STOCK,0,2024-04-17,Jinasena_MasterData_Stock.stock_warehouse_br_ek_warehouse_for_ekala_sales_center,,,0,,1,,
stock_location_stock_527,Stock,BR-EK/Stock,1,internal,Jinasena_MasterData_Stock.stock_location_br_ek_526,<p><br></p>,0,0,0,1/526/527/,Jinasena_MasterData_Common.res_company_jinasena_agricultural_machinery_pvt_ltd,,,1,BR-EK-STOCK,0,2026-09-01,Jinasena_MasterData_Stock.stock_warehouse_branch_warehouse_ekala_br_ek,,,0,,1,,
stock_location_transit,Transit,BR-EK/Transit,1,transit,Jinasena_MasterData_Stock.stock_location_br_ek_526,<p><br></p>,0,0,0,1/526/668/,Jinasena_MasterData_Common.res_company_jinasena_agricultural_machinery_pvt_ltd,,,,,0,,Jinasena_MasterData_Stock.stock_warehouse_branch_warehouse_ekala_br_ek,,,0,,,,
stock_location_br_em,BR-EM,BR-EM,1,view,,,0,0,0,1/823/,Jinasena_MasterData_Common.res_company_jinasena_agricultural_machinery_pvt_ltd,,,,,0,,Jinasena_MasterData_Stock.stock_warehouse_branch_warehouse_embilipitiya,,,0,,,,
stock_location_intransit_1056,Intransit,BR-EM/Intransit,1,transit,Jinasena_MasterData_Stock.stock_location_br_em,,0,0,0,1/823/1056/,Jinasena_MasterData_Common.res_company_jinasena_agricultural_machinery_pvt_ltd,,,,,0,,Jinasena_MasterData_Stock.stock_warehouse_branch_warehouse_embilipitiya,,,0,,,,
stock_location_repair_1116,Repair,BR-EM/Repair,1,repair,Jinasena_MasterData_Stock.stock_location_br_em,,0,0,0,1/823/1116/,Jinasena_MasterData_Common.res_company_jinasena_agricultural_machinery_pvt_ltd,,,,,0,,Jinasena_MasterData_Stock.stock_warehouse_branch_warehouse_embilipitiya,,,0,,,,
stock_location_stock_824,Stock,BR-EM/Stock,1,internal,Jinasena_MasterData_Stock.stock_location_br_em,,0,0,0,1/823/824/,Jinasena_MasterData_Common.res_company_jinasena_agricultural_machinery_pvt_ltd,,,1,BR-EM-STOCK,0,2025-10-07,Jinasena_MasterData_Stock.stock_warehouse_branch_warehouse_embilipitiya,,,0,,,,
stock_location_br_ga,BR-GA,BR-GA,1,view,,,0,0,0,1/831/,Jinasena_MasterData_Common.res_company_jinasena_agricultural_machinery_pvt_ltd,,,,,0,,Jinasena_MasterData_Stock.stock_warehouse_branch_warehouse_galle,,,0,,,,
stock_location_intransit_1057,Intransit,BR-GA/Intransit,1,transit,Jinasena_MasterData_Stock.stock_location_br_ga,,0,0,0,1/831/1057/,Jinasena_MasterData_Common.res_company_jinasena_agricultural_machinery_pvt_ltd,,,,,0,,Jinasena_MasterData_Stock.stock_warehouse_branch_warehouse_galle,,,0,,,,
stock_location_repair_1117,Repair,BR-GA/Repair,1,repair,Jinasena_MasterData_Stock.stock_location_br_ga,,0,0,0,1/831/1117/,Jinasena_MasterData_Common.res_company_jinasena_agricultural_machinery_pvt_ltd,,,,,0,,Jinasena_MasterData_Stock.stock_warehouse_branch_warehouse_galle,,,0,,,,
stock_location_stock_832,Stock,BR-GA/Stock,1,internal,Jinasena_MasterData_Stock.stock_location_br_ga,,0,0,0,1/831/832/,Jinasena_MasterData_Common.res_company_jinasena_agricultural_machinery_pvt_ltd,,,1,BR-GA-STOCK,0,2025-10-07,Jinasena_MasterData_Stock.stock_warehouse_branch_warehouse_galle,,,0,,,,
stock_location_br_gk,BR-GK,BR-GK,1,view,,,0,0,0,1/839/,Jinasena_MasterData_Common.res_company_jinasena_agricultural_machinery_pvt_ltd,,,,,0,,Jinasena_MasterData_Stock.stock_warehouse_branch_warehouse_girandurukotte,,,0,,,,
stock_location_intransit_1058,Intransit,BR-GK/Intransit,1,transit,Jinasena_MasterData_Stock.stock_location_br_gk,,0,0,0,1/839/1058/,Jinasena_MasterData_Common.res_company_jinasena_agricultural_machinery_pvt_ltd,,,,,0,,Jinasena_MasterData_Stock.stock_warehouse_branch_warehouse_girandurukotte,,,0,,,,
stock_location_repair_1118,Repair,BR-GK/Repair,1,repair,Jinasena_MasterData_Stock.stock_location_br_gk,,0,0,0,1/839/1118/,Jinasena_MasterData_Common.res_company_jinasena_agricultural_machinery_pvt_ltd,,,,,0,,Jinasena_MasterData_Stock.stock_warehouse_branch_warehouse_girandurukotte,,,0,,,,
stock_location_stock_840,Stock,BR-GK/Stock,1,internal,Jinasena_MasterData_Stock.stock_location_br_gk,,0,0,0,1/839/840/,Jinasena_MasterData_Common.res_company_jinasena_agricultural_machinery_pvt_ltd,,,1,BR-GK-STOCK,0,,Jinasena_MasterData_Stock.stock_warehouse_branch_warehouse_girandurukotte,,,0,,,,
stock_location_br_jf,BR-JF,BR-JF,1,view,,,0,0,0,1/847/,Jinasena_MasterData_Common.res_company_jinasena_agricultural_machinery_pvt_ltd,,,,,0,,Jinasena_MasterData_Stock.stock_warehouse_branch_warehouse_jaffna,,,0,,,,
stock_location_intransit_1059,Intransit,BR-JF/Intransit,1,transit,Jinasena_MasterData_Stock.stock_location_br_jf,,0,0,0,1/847/1059/,Jinasena_MasterData_Common.res_company_jinasena_agricultural_machinery_pvt_ltd,,,,,0,,Jinasena_MasterData_Stock.stock_warehouse_branch_warehouse_jaffna,,,0,,,,
stock_location_repair_1119,Repair,BR-JF/Repair,1,repair,Jinasena_MasterData_Stock.stock_location_br_jf,,0,0,0,1/847/1119/,Jinasena_MasterData_Common.res_company_jinasena_agricultural_machinery_pvt_ltd,,,,,0,,Jinasena_MasterData_Stock.stock_warehouse_branch_warehouse_jaffna,,,0,,,,
stock_location_stock_848,Stock,BR-JF/Stock,1,internal,Jinasena_MasterData_Stock.stock_location_br_jf,,0,0,0,1/847/848/,Jinasena_MasterData_Common.res_company_jinasena_agricultural_machinery_pvt_ltd,,,1,BR-JF-STOCK,0,2025-10-07,Jinasena_MasterData_Stock.stock_warehouse_branch_warehouse_jaffna,,,0,,,,
stock_location_br_ka,BR-KA,BR-KA,1,view,,,0,0,0,1/855/,Jinasena_MasterData_Common.res_company_jinasena_agricultural_machinery_pvt_ltd,,,,,0,,Jinasena_MasterData_Stock.stock_warehouse_branch_warehouse_kandy,,,0,,,,
stock_location_intransit_1060,Intransit,BR-KA/Intransit,1,transit,Jinasena_MasterData_Stock.stock_location_br_ka,,0,0,0,1/855/1060/,Jinasena_MasterData_Common.res_company_jinasena_agricultural_machinery_pvt_ltd,,,,,0,,Jinasena_MasterData_Stock.stock_warehouse_branch_warehouse_kandy,,,0,,,,
stock_location_repair_1120,Repair,BR-KA/Repair,1,repair,Jinasena_MasterData_Stock.stock_location_br_ka,,0,0,0,1/855/1120/,Jinasena_MasterData_Common.res_company_jinasena_agricultural_machinery_pvt_ltd,,,,,0,,Jinasena_MasterData_Stock.stock_warehouse_branch_warehouse_kandy,,,0,,,,
stock_location_stock_856,Stock,BR-KA/Stock,1,internal,Jinasena_MasterData_Stock.stock_location_br_ka,,0,0,0,1/855/856/,Jinasena_MasterData_Common.res_company_jinasena_agricultural_machinery_pvt_ltd,,,1,BR-KA-STOCK,0,2025-10-07,Jinasena_MasterData_Stock.stock_warehouse_branch_warehouse_kandy,,,0,,,,
stock_location_br_kd,BR-KD,BR-KD,1,view,,,0,0,0,1/863/,Jinasena_MasterData_Common.res_company_jinasena_agricultural_machinery_pvt_ltd,,,,,0,,Jinasena_MasterData_Stock.stock_warehouse_branch_warehouse_kaduruwela,,,0,,,,
stock_location_intransit_1061,Intransit,BR-KD/Intransit,1,transit,Jinasena_MasterData_Stock.stock_location_br_kd,,0,0,0,1/863/1061/,Jinasena_MasterData_Common.res_company_jinasena_agricultural_machinery_pvt_ltd,,,,,0,,Jinasena_MasterData_Stock.stock_warehouse_branch_warehouse_kaduruwela,,,0,,,,
stock_location_repair_1121,Repair,BR-KD/Repair,1,repair,Jinasena_MasterData_Stock.stock_location_br_kd,,0,0,0,1/863/1121/,Jinasena_MasterData_Common.res_company_jinasena_agricultural_machinery_pvt_ltd,,,,,0,,Jinasena_MasterData_Stock.stock_warehouse_branch_warehouse_kaduruwela,,,0,,,,
stock_location_stock_864,Stock,BR-KD/Stock,1,internal,Jinasena_MasterData_Stock.stock_location_br_kd,,0,0,0,1/863/864/,Jinasena_MasterData_Common.res_company_jinasena_agricultural_machinery_pvt_ltd,,,1,BR-KD-STOCK,0,2025-10-07,Jinasena_MasterData_Stock.stock_warehouse_branch_warehouse_kaduruwela,,,0,,,,
stock_location_br_ku,BR-KU,BR-KU,1,view,,,0,0,0,1/871/,Jinasena_MasterData_Common.res_company_jinasena_agricultural_machinery_pvt_ltd,,,,,0,,Jinasena_MasterData_Stock.stock_warehouse_branch_warehouse_kurunegala,,,0,,,,
stock_location_intransit_1062,Intransit,BR-KU/Intransit,1,transit,Jinasena_MasterData_Stock.stock_location_br_ku,,0,0,0,1/871/1062/,Jinasena_MasterData_Common.res_company_jinasena_agricultural_machinery_pvt_ltd,,,,,0,,Jinasena_MasterData_Stock.stock_warehouse_branch_warehouse_kurunegala,,,0,,,,
stock_location_repair_1122,Repair,BR-KU/Repair,1,repair,Jinasena_MasterData_Stock.stock_location_br_ku,,0,0,0,1/871/1122/,Jinasena_MasterData_Common.res_company_jinasena_agricultural_machinery_pvt_ltd,,,,,0,,Jinasena_MasterData_Stock.stock_warehouse_branch_warehouse_kurunegala,,,0,,,,
stock_location_stock_872,Stock,BR-KU/Stock,1,internal,Jinasena_MasterData_Stock.stock_location_br_ku,,0,0,0,1/871/872/,Jinasena_MasterData_Common.res_company_jinasena_agricultural_machinery_pvt_ltd,,,1,BR-KU-STOCK,0,2025-10-07,Jinasena_MasterData_Stock.stock_warehouse_branch_warehouse_kurunegala,,,0,,,,
stock_location_br_ne,BR-NE,BR-NE,1,view,,,0,0,0,1/879/,Jinasena_MasterData_Common.res_company_jinasena_agricultural_machinery_pvt_ltd,,,,,0,,Jinasena_MasterData_Stock.stock_warehouse_branch_warehouse_nuwara_eliya,,,0,,,,
stock_location_intransit_1018,Intransit,BR-NE/Intransit,1,transit,Jinasena_MasterData_Stock.stock_location_br_ne,,0,0,0,1/879/1018/,Jinasena_MasterData_Common.res_company_jinasena_agricultural_machinery_pvt_ltd,,,,,0,,Jinasena_MasterData_Stock.stock_warehouse_branch_warehouse_nuwara_eliya,,,0,,,,
stock_location_repair_1123,Repair,BR-NE/Repair,1,repair,Jinasena_MasterData_Stock.stock_location_br_ne,,0,0,0,1/879/1123/,Jinasena_MasterData_Common.res_company_jinasena_agricultural_machinery_pvt_ltd,,,,,0,,Jinasena_MasterData_Stock.stock_warehouse_branch_warehouse_nuwara_eliya,,,0,,,,
stock_location_stock_880,Stock,BR-NE/Stock,1,internal,Jinasena_MasterData_Stock.stock_location_br_ne,,0,0,0,1/879/880/,Jinasena_MasterData_Common.res_company_jinasena_agricultural_machinery_pvt_ltd,,,1,BR-NE-STOCK,0,2026-07-02,Jinasena_MasterData_Stock.stock_warehouse_branch_warehouse_nuwara_eliya,,,0,,1,,
stock_location_br_th,BR-TH,BR-TH,1,view,,,0,0,0,1/887/,Jinasena_MasterData_Common.res_company_jinasena_agricultural_machinery_pvt_ltd,,,,,0,,Jinasena_MasterData_Stock.stock_warehouse_branch_warehouse_thambuttegama,,,0,,,,
stock_location_intransit_1063,Intransit,BR-TH/Intransit,1,transit,Jinasena_MasterData_Stock.stock_location_br_th,,0,0,0,1/887/1063/,Jinasena_MasterData_Common.res_company_jinasena_agricultural_machinery_pvt_ltd,,,,,0,,Jinasena_MasterData_Stock.stock_warehouse_branch_warehouse_thambuttegama,,,0,,,,
stock_location_repair_1124,Repair,BR-TH/Repair,1,repair,Jinasena_MasterData_Stock.stock_location_br_th,,0,0,0,1/887/1124/,Jinasena_MasterData_Common.res_company_jinasena_agricultural_machinery_pvt_ltd,,,,,0,,Jinasena_MasterData_Stock.stock_warehouse_branch_warehouse_thambuttegama,,,0,,,,
stock_location_stock_888,Stock,BR-TH/Stock,1,internal,Jinasena_MasterData_Stock.stock_location_br_th,,0,0,0,1/887/888/,Jinasena_MasterData_Common.res_company_jinasena_agricultural_machinery_pvt_ltd,,,1,BR-TH-STOCK,0,2025-10-07,Jinasena_MasterData_Stock.stock_warehouse_branch_warehouse_thambuttegama,,,0,,,,
stock_location_cw_cm,CW-CM,CW-CM,1,view,,,0,0,0,1/75/,,,,,,0,,Jinasena_MasterData_Stock.stock_warehouse_casting_warehouse_cw_cm,,,0,,,,
stock_location_intransit_1020,Intransit,CW-CM/Intransit,1,transit,Jinasena_MasterData_Stock.stock_location_cw_cm,,0,0,0,1/75/1020/,,,,,,0,,Jinasena_MasterData_Stock.stock_warehouse_casting_warehouse_cw_cm,,,0,,,,
stock_location_repair_1080,Repair,CW-CM/Repair,1,repair,Jinasena_MasterData_Stock.stock_location_cw_cm,,0,0,0,1/75/1080/,,,,,,0,,Jinasena_MasterData_Stock.stock_warehouse_casting_warehouse_cw_cm,,,0,,,,
stock_location_stock_76,Stock,CW-CM/Stock,1,internal,Jinasena_MasterData_Stock.stock_location_cw_cm,<p><br></p>,0,0,0,1/75/76/,,,,1,CW-CM-STOCK,0,2025-06-03,Jinasena_MasterData_Stock.stock_warehouse_casting_warehouse_cw_cm,,,0,,,,
stock_location_ib_em,IB-EM,IB-EM,1,view,,,0,0,0,1/973/,Jinasena_MasterData_Common.res_company_jinasena_agricultural_machinery_pvt_ltd,,,,,0,,Jinasena_MasterData_Stock.stock_warehouse_intransit_warehouse_embilipitiya,,,0,,,,
stock_location_stock_974,Stock,IB-EM/Stock,1,internal,Jinasena_MasterData_Stock.stock_location_ib_em,,0,0,0,1/973/974/,Jinasena_MasterData_Common.res_company_jinasena_agricultural_machinery_pvt_ltd,,,1,IB-EM-STOCK,0,2025-08-30,Jinasena_MasterData_Stock.stock_warehouse_intransit_warehouse_embilipitiya,,,0,,,,
stock_location_iw_jm,IW-JM,IW-JM,1,view,,,0,0,0,1/951/,Jinasena_MasterData_Common.res_company_jinasena_agricultural_machinery_pvt_ltd,,,,,0,,Jinasena_MasterData_Stock.stock_warehouse_intransit_warehouse_jam,,,0,,,,
stock_location_stock_952,Stock,IW-JM/Stock,1,internal,Jinasena_MasterData_Stock.stock_location_iw_jm,,0,0,0,1/951/952/,Jinasena_MasterData_Common.res_company_jinasena_agricultural_machinery_pvt_ltd,,,1,IW-JM-STOCK,0,2025-08-30,Jinasena_MasterData_Stock.stock_warehouse_intransit_warehouse_jam,,,0,,,,
stock_location_jm_ek,JM-EK,JM-EK,1,view,,,0,0,0,1/734/,Jinasena_MasterData_Common.res_company_jinasena_agricultural_machinery_pvt_ltd,,,,,0,,Jinasena_MasterData_Stock.stock_warehouse_jam_warehouse_ekala_jm_ek,,,0,,,,
stock_location_defective,DEFECTIVE,JM-EK/DEFECTIVE,1,internal,Jinasena_MasterData_Stock.stock_location_jm_ek,,0,0,0,1/734/960/,Jinasena_MasterData_Common.res_company_jinasena_agricultural_machinery_pvt_ltd,,,,,0,2025-09-04,Jinasena_MasterData_Stock.stock_warehouse_jam_warehouse_ekala_jm_ek,,,0,,,,
stock_location_intransit_1046,Intransit,JM-EK/Intransit,1,transit,Jinasena_MasterData_Stock.stock_location_jm_ek,,0,0,0,1/734/1046/,Jinasena_MasterData_Common.res_company_jinasena_agricultural_machinery_pvt_ltd,,,,,0,,Jinasena_MasterData_Stock.stock_warehouse_jam_warehouse_ekala_jm_ek,,,0,,,,
stock_location_repair_1106,Repair,JM-EK/Repair,1,repair,Jinasena_MasterData_Stock.stock_location_jm_ek,,0,0,0,1/734/1106/,Jinasena_MasterData_Common.res_company_jinasena_agricultural_machinery_pvt_ltd,,,,,0,,Jinasena_MasterData_Stock.stock_warehouse_jam_warehouse_ekala_jm_ek,,,0,,,,
stock_location_stock_735,Stock,JM-EK/Stock,1,internal,Jinasena_MasterData_Stock.stock_location_jm_ek,,0,0,0,1/734/735/,Jinasena_MasterData_Common.res_company_jinasena_agricultural_machinery_pvt_ltd,,,1,,0,2026-09-01,Jinasena_MasterData_Stock.stock_warehouse_jam_warehouse_ekala_jm_ek,,,0,,,,
stock_location_jm_nm,JM-NM,JM-NM,1,view,,,0,0,0,1/943/,Jinasena_MasterData_Common.res_company_jinasena_agricultural_machinery_pvt_ltd,,,,,0,,Jinasena_MasterData_Stock.stock_warehouse_jam_non_moving_warehouse,,,0,,,,
stock_location_intransit_1068,Intransit,JM-NM/Intransit,1,transit,Jinasena_MasterData_Stock.stock_location_jm_nm,,0,0,0,1/943/1068/,Jinasena_MasterData_Common.res_company_jinasena_agricultural_machinery_pvt_ltd,,,,,0,,Jinasena_MasterData_Stock.stock_warehouse_jam_non_moving_warehouse,,,0,,,,
stock_location_repair_1129,Repair,JM-NM/Repair,1,repair,Jinasena_MasterData_Stock.stock_location_jm_nm,,0,0,0,1/943/1129/,Jinasena_MasterData_Common.res_company_jinasena_agricultural_machinery_pvt_ltd,,,,,0,,Jinasena_MasterData_Stock.stock_warehouse_jam_non_moving_warehouse,,,0,,,,
stock_location_stock_944,Stock,JM-NM/Stock,1,internal,Jinasena_MasterData_Stock.stock_location_jm_nm,,0,0,0,1/943/944/,Jinasena_MasterData_Common.res_company_jinasena_agricultural_machinery_pvt_ltd,,,1,JM-NM-STOCK,0,2025-10-07,Jinasena_MasterData_Stock.stock_warehouse_jam_non_moving_warehouse,,,0,,,,
stock_location_mw_cm,MW-CM,MW-CM,1,view,,,0,0,0,1/83/,,,,,,0,,Jinasena_MasterData_Stock.stock_warehouse_main_warehouse_mw_cm,,,0,,,,
stock_location_intransit_1021,Intransit,MW-CM/Intransit,1,transit,Jinasena_MasterData_Stock.stock_location_mw_cm,,0,0,0,1/83/1021/,,,,,,0,,Jinasena_MasterData_Stock.stock_warehouse_main_warehouse_mw_cm,,,0,,,,
stock_location_repair_1081,Repair,MW-CM/Repair,1,repair,Jinasena_MasterData_Stock.stock_location_mw_cm,,0,0,0,1/83/1081/,,,,,,0,,Jinasena_MasterData_Stock.stock_warehouse_main_warehouse_mw_cm,,,0,,,,
stock_location_stock_84,Stock,MW-CM/Stock,1,internal,Jinasena_MasterData_Stock.stock_location_mw_cm,<p><br></p>,0,0,0,1/83/84/,,,,1,MW-CM-STOCK,0,2025-07-03,Jinasena_MasterData_Stock.stock_warehouse_main_warehouse_mw_cm,,,0,,,,
stock_location_transit_207,Transit,MW-CM/Transit,1,internal,Jinasena_MasterData_Stock.stock_location_mw_cm,<p><br></p>,0,0,0,1/83/207/,,,,,,0,,Jinasena_MasterData_Stock.stock_warehouse_main_warehouse_mw_cm,,,0,,,,
stock_location_mw_ek,MW-EK,MW-EK,1,view,,,0,0,0,1/182/,,,,,,0,,Jinasena_MasterData_Stock.stock_warehouse_main_warehouse_mw_ek_22,,,0,,,,
stock_location_finishgood,FinishGood,MW-EK/FinishGood,1,internal,Jinasena_MasterData_Stock.stock_location_mw_ek,<p><br></p>,0,0,0,1/182/485/,,,,,,0,2024-02-22,Jinasena_MasterData_Stock.stock_warehouse_main_warehouse_mw_ek_22,,,0,1,,,
stock_location_intransit_1073,Intransit,MW-EK/Intransit,1,transit,Jinasena_MasterData_Stock.stock_location_mw_ek,,0,0,0,1/182/1073/,,,,,,0,,Jinasena_MasterData_Stock.stock_warehouse_main_warehouse_mw_ek_22,,,0,,,,
stock_location_repair_1134,Repair,MW-EK/Repair,1,repair,Jinasena_MasterData_Stock.stock_location_mw_ek,,0,0,0,1/182/1134/,,,,,,0,,Jinasena_MasterData_Stock.stock_warehouse_main_warehouse_mw_ek_22,,,0,,,,
stock_location_stock_183,Stock,MW-EK/Stock,1,internal,Jinasena_MasterData_Stock.stock_location_mw_ek,<p><br></p>,0,0,0,1/182/183/,,,,1,MW-EK-STOCK,0,2024-07-29,Jinasena_MasterData_Stock.stock_warehouse_main_warehouse_mw_ek_22,,,0,,,,
stock_location_transit_208,Transit,MW-EK/Transit,1,internal,Jinasena_MasterData_Stock.stock_location_mw_ek,<p><br></p>,0,0,0,1/182/208/,,,,,,0,2024-02-22,Jinasena_MasterData_Stock.stock_warehouse_main_warehouse_mw_ek_22,,,0,,,,
stock_location_mw_jc,MW-JC,MW-JC,1,view,,,0,0,0,1/222/,,,,,,0,,Jinasena_MasterData_Stock.stock_warehouse_casting_department_mw_jc,,,0,,,,
stock_location_finishgood_460,FinishGood,MW-JC/FinishGood,1,internal,Jinasena_MasterData_Stock.stock_location_mw_jc,<p><br></p>,0,0,0,1/222/460/,,,,,,0,2024-02-27,Jinasena_MasterData_Stock.stock_warehouse_casting_department_mw_jc,,,0,1,,,
stock_location_intransit_1074,Intransit,MW-JC/Intransit,1,transit,Jinasena_MasterData_Stock.stock_location_mw_jc,,0,0,0,1/222/1074/,,,,,,0,,Jinasena_MasterData_Stock.stock_warehouse_casting_department_mw_jc,,,0,,,,
stock_location_repair_1135,Repair,MW-JC/Repair,1,repair,Jinasena_MasterData_Stock.stock_location_mw_jc,,0,0,0,1/222/1135/,,,,,,0,,Jinasena_MasterData_Stock.stock_warehouse_casting_department_mw_jc,,,0,,,,
stock_location_stock_223,Stock,MW-JC/Stock,1,internal,Jinasena_MasterData_Stock.stock_location_mw_jc,<p><br></p>,0,0,0,1/222/223/,,,,1,MW-JC-STOCK,0,2025-04-09,Jinasena_MasterData_Stock.stock_warehouse_casting_department_mw_jc,,,0,1,,,
stock_location_mw_je,MW-JE,MW-JE,1,view,,,0,0,0,1/443/,,,,,,0,,Jinasena_MasterData_Stock.stock_warehouse_main_warehouse_raw_material_for_motors_m,,,0,,,,
stock_location_intransit_1028,Intransit,MW-JE/Intransit,1,transit,Jinasena_MasterData_Stock.stock_location_mw_je,,0,0,0,1/443/1028/,,,,,,0,,Jinasena_MasterData_Stock.stock_warehouse_main_warehouse_raw_material_for_motors_m,,,0,,,,
stock_location_repair_1088,Repair,MW-JE/Repair,1,repair,Jinasena_MasterData_Stock.stock_location_mw_je,,0,0,0,1/443/1088/,,,,,,0,,Jinasena_MasterData_Stock.stock_warehouse_main_warehouse_raw_material_for_motors_m,,,0,,,,
stock_location_stock_444,Stock,MW-JE/Stock,1,internal,Jinasena_MasterData_Stock.stock_location_mw_je,<p><br></p>,0,0,0,1/443/444/,,,,1,MW-JE/STOCK,0,2024-02-08,Jinasena_MasterData_Stock.stock_warehouse_main_warehouse_raw_material_for_motors_m,,,0,,,,
stock_location_ow_ek,OW-EK,OW-EK,1,view,,,0,0,0,1/91/,,,,,,0,,Jinasena_MasterData_Stock.stock_warehouse_oils_lubricants_warehouse_ow_ek,,,0,,,,
stock_location_intransit_1022,Intransit,OW-EK/Intransit,1,transit,Jinasena_MasterData_Stock.stock_location_ow_ek,,0,0,0,1/91/1022/,,,,,,0,,Jinasena_MasterData_Stock.stock_warehouse_oils_lubricants_warehouse_ow_ek,,,0,,,,
stock_location_repair_1082,Repair,OW-EK/Repair,1,repair,Jinasena_MasterData_Stock.stock_location_ow_ek,,0,0,0,1/91/1082/,,,,,,0,,Jinasena_MasterData_Stock.stock_warehouse_oils_lubricants_warehouse_ow_ek,,,0,,,,
stock_location_stock_92,Stock,OW-EK/Stock,1,internal,Jinasena_MasterData_Stock.stock_location_ow_ek,<p><br></p>,0,0,0,1/91/92/,,,1,1,OW-EK-STOCK,0,2024-02-07,Jinasena_MasterData_Stock.stock_warehouse_oils_lubricants_warehouse_ow_ek,,,0,,,,
stock_location_transit_210,Transit,OW-EK/Transit,1,internal,Jinasena_MasterData_Stock.stock_location_ow_ek,<p><br></p>,0,0,0,1/91/210/,,,,,,0,,Jinasena_MasterData_Stock.stock_warehouse_oils_lubricants_warehouse_ow_ek,,,0,,,,
stock_location_pj_ei,PJ-EI,PJ-EI,1,view,,,0,0,0,1/368/,,,,,,0,,Jinasena_MasterData_Stock.stock_warehouse_electrical_installation_projects_warehou,,,0,,,,
stock_location_intransit_1078,Intransit,PJ-EI/Intransit,1,transit,Jinasena_MasterData_Stock.stock_location_pj_ei,,0,0,0,1/368/1078/,,,,,,0,,Jinasena_MasterData_Stock.stock_warehouse_electrical_installation_projects_warehou,,,0,,,,
stock_location_repair_1139,Repair,PJ-EI/Repair,1,repair,Jinasena_MasterData_Stock.stock_location_pj_ei,,0,0,0,1/368/1139/,,,,,,0,,Jinasena_MasterData_Stock.stock_warehouse_electrical_installation_projects_warehou,,,0,,,,
stock_location_stock_369,Stock,PJ-EI/Stock,1,internal,Jinasena_MasterData_Stock.stock_location_pj_ei,<p><br></p>,0,0,0,1/368/369/,,,,1,PJ-EI-STOCK,0,2025-03-24,Jinasena_MasterData_Stock.stock_warehouse_electrical_installation_projects_warehou,,,0,,,,
stock_location_pl_ek,PL-EK,PL-EK,1,view,,,0,0,0,1/758/,,,,,,0,,Jinasena_MasterData_Stock.stock_warehouse_plastic_warehouse_pl_ek,,,0,,,,
stock_location_intransit_1048,Intransit,PL-EK/Intransit,1,transit,Jinasena_MasterData_Stock.stock_location_pl_ek,,0,0,0,1/758/1048/,,,,,,0,,Jinasena_MasterData_Stock.stock_warehouse_plastic_warehouse_pl_ek,,,0,,,,
stock_location_repair_1108,Repair,PL-EK/Repair,1,repair,Jinasena_MasterData_Stock.stock_location_pl_ek,,0,0,0,1/758/1108/,,,,,,0,,Jinasena_MasterData_Stock.stock_warehouse_plastic_warehouse_pl_ek,,,0,,,,
stock_location_stock_759,Stock,PL-EK/Stock,1,internal,Jinasena_MasterData_Stock.stock_location_pl_ek,<p><br></p>,0,0,0,1/758/759/,,,,1,PL-EK/STOCK,0,2025-04-03,Jinasena_MasterData_Stock.stock_warehouse_plastic_warehouse_pl_ek,,,0,1,,,
stock_location_pw_e1,PW-E1,PW-E1,1,view,,,0,0,0,1/131/,,,,,,0,,Jinasena_MasterData_Stock.stock_warehouse_production_warehouse_pw_e1,,,0,,,,
stock_location_dismantle,Dismantle,PW-E1/Dismantle,1,internal,Jinasena_MasterData_Stock.stock_location_pw_e1,<p><br></p>,0,0,0,1/131/191/,,,,,,0,,Jinasena_MasterData_Stock.stock_warehouse_production_warehouse_pw_e1,,,0,,,,
stock_location_finishgood_451,FinishGood,PW-E1/FinishGood,1,internal,Jinasena_MasterData_Stock.stock_location_pw_e1,<p><br></p>,0,0,0,1/131/451/,,,,,,0,2023-09-29,Jinasena_MasterData_Stock.stock_warehouse_production_warehouse_pw_e1,,,0,,,,
stock_location_intransit_1026,Intransit,PW-E1/Intransit,1,transit,Jinasena_MasterData_Stock.stock_location_pw_e1,,0,0,0,1/131/1026/,,,,,,0,,Jinasena_MasterData_Stock.stock_warehouse_production_warehouse_pw_e1,,,0,,,,
stock_location_repair_1086,Repair,PW-E1/Repair,1,repair,Jinasena_MasterData_Stock.stock_location_pw_e1,,0,0,0,1/131/1086/,,,,,,0,,Jinasena_MasterData_Stock.stock_warehouse_production_warehouse_pw_e1,,,0,,,,
stock_location_stock_132,Stock,PW-E1/Stock,1,internal,Jinasena_MasterData_Stock.stock_location_pw_e1,<p><br></p>,0,0,0,1/131/132/,,,,1,PW-E1-STOCK,0,2025-05-29,Jinasena_MasterData_Stock.stock_warehouse_production_warehouse_pw_e1,,,0,1,,,
stock_location_transit_213,Transit,PW-E1/Transit,1,internal,Jinasena_MasterData_Stock.stock_location_pw_e1,<p><br></p>,0,0,0,1/131/213/,,,,,,0,,Jinasena_MasterData_Stock.stock_warehouse_production_warehouse_pw_e1,,,0,,,,
stock_location_pw_je,PW-JE,PW-JE,1,view,,,0,0,0,1/115/,,,,,,0,,Jinasena_MasterData_Stock.stock_warehouse_production_warehouse_pw_je,,,0,,,,
stock_location_intransit_1023,Intransit,PW-JE/Intransit,1,transit,Jinasena_MasterData_Stock.stock_location_pw_je,,0,0,0,1/115/1023/,,,,,,0,,Jinasena_MasterData_Stock.stock_warehouse_production_warehouse_pw_je,,,0,,,,
stock_location_repair_1083,Repair,PW-JE/Repair,1,repair,Jinasena_MasterData_Stock.stock_location_pw_je,,0,0,0,1/115/1083/,,,,,,0,,Jinasena_MasterData_Stock.stock_warehouse_production_warehouse_pw_je,,,0,,,,
stock_location_stock_116,Stock,PW-JE/Stock,1,internal,Jinasena_MasterData_Stock.stock_location_pw_je,<p><br></p>,0,0,0,1/115/116/,,,,1,PW-JE-STOCK,0,2024-01-31,Jinasena_MasterData_Stock.stock_warehouse_production_warehouse_pw_je,,,0,,,,
stock_location_transit_212,Transit,PW-JE/Transit,1,internal,Jinasena_MasterData_Stock.stock_location_pw_je,<p><br></p>,0,0,0,1/115/212/,,,,,,0,,Jinasena_MasterData_Stock.stock_warehouse_production_warehouse_pw_je,,,0,,,,
stock_location_pw_jm,PW-JM,PW-JM,1,view,,,0,0,0,1/510/,Jinasena_MasterData_Common.res_company_jinasena_agricultural_machinery_pvt_ltd,,,,,0,,Jinasena_MasterData_Stock.stock_warehouse_production_warehouse_pw_jm,,,0,,,,
stock_location_17720,17720,PW-JM/17720,1,internal,Jinasena_MasterData_Stock.stock_location_pw_jm,,0,0,0,1/510/959/,Jinasena_MasterData_Common.res_company_jinasena_agricultural_machinery_pvt_ltd,,,,,0,,Jinasena_MasterData_Stock.stock_warehouse_production_warehouse_pw_jm,,,0,,,,
stock_location_defective_664,Defective,PW-JM/Defective,1,internal,Jinasena_MasterData_Stock.stock_location_pw_jm,<p><br></p>,0,0,0,1/510/664/,Jinasena_MasterData_Common.res_company_jinasena_agricultural_machinery_pvt_ltd,,,,,0,2024-10-03,Jinasena_MasterData_Stock.stock_warehouse_production_warehouse_pw_jm,,,0,,,,
stock_location_dismant_2,Dismant_2,PW-JM/Dismant_2,1,internal,Jinasena_MasterData_Stock.stock_location_pw_jm,,0,0,0,1/510/961/,Jinasena_MasterData_Common.res_company_jinasena_agricultural_machinery_pvt_ltd,,,,,0,,Jinasena_MasterData_Stock.stock_warehouse_production_warehouse_pw_jm,,,0,,,,
stock_location_dismant_3,Dismant_3,PW-JM/Dismant_3,1,internal,Jinasena_MasterData_Stock.stock_location_pw_jm,,0,0,0,1/510/962/,Jinasena_MasterData_Common.res_company_jinasena_agricultural_machinery_pvt_ltd,,,,,0,,Jinasena_MasterData_Stock.stock_warehouse_production_warehouse_pw_jm,,,0,,,,
stock_location_intransit_1029,Intransit,PW-JM/Intransit,1,transit,Jinasena_MasterData_Stock.stock_location_pw_jm,,0,0,0,1/510/1029/,Jinasena_MasterData_Common.res_company_jinasena_agricultural_machinery_pvt_ltd,,,,,0,,Jinasena_MasterData_Stock.stock_warehouse_production_warehouse_pw_jm,,,0,,,,
stock_location_repair_1089,Repair,PW-JM/Repair,1,repair,Jinasena_MasterData_Stock.stock_location_pw_jm,,0,0,0,1/510/1089/,Jinasena_MasterData_Common.res_company_jinasena_agricultural_machinery_pvt_ltd,,,,,0,,Jinasena_MasterData_Stock.stock_warehouse_production_warehouse_pw_jm,,,0,,,,
stock_location_stock_511,Stock,PW-JM/Stock,1,production,Jinasena_MasterData_Stock.stock_location_pw_jm,<p><br></p>,0,0,0,1/510/511/,Jinasena_MasterData_Common.res_company_jinasena_agricultural_machinery_pvt_ltd,,,,PW-JM-STOCK,0,2025-10-07,Jinasena_MasterData_Stock.stock_warehouse_production_warehouse_pw_jm,Jinasena_MasterData_Accounting.account_account_inventory_w_i_p,Jinasena_MasterData_Accounting.account_account_inventory_w_i_p,0,,,,
stock_location_th1_t,TH1-T,PW-JM/TH1-T,1,internal,Jinasena_MasterData_Stock.stock_location_pw_jm,,0,0,0,1/510/964/,Jinasena_MasterData_Common.res_company_jinasena_agricultural_machinery_pvt_ltd,,,,,0,,Jinasena_MasterData_Stock.stock_warehouse_production_warehouse_pw_jm,,,0,,,,
stock_location_transit_666,Transit,PW-JM/Transit,1,internal,Jinasena_MasterData_Stock.stock_location_pw_jm,<p><br></p>,0,0,0,1/510/666/,Jinasena_MasterData_Common.res_company_jinasena_agricultural_machinery_pvt_ltd,,,,,0,2024-10-03,Jinasena_MasterData_Stock.stock_warehouse_production_warehouse_pw_jm,,,0,,,,1
stock_location_pw_ma,PW-MA,PW-MA,1,view,,,0,0,0,1/750/,,,,,,0,,Jinasena_MasterData_Stock.stock_warehouse_production_warehouse_for_machining_and_a,,,0,,,,
stock_location_intransit_1047,Intransit,PW-MA/Intransit,1,transit,Jinasena_MasterData_Stock.stock_location_pw_ma,,0,0,0,1/750/1047/,,,,,,0,,Jinasena_MasterData_Stock.stock_warehouse_production_warehouse_for_machining_and_a,,,0,,,,
stock_location_repair_1107,Repair,PW-MA/Repair,1,repair,Jinasena_MasterData_Stock.stock_location_pw_ma,,0,0,0,1/750/1107/,,,,,,0,,Jinasena_MasterData_Stock.stock_warehouse_production_warehouse_for_machining_and_a,,,0,,,,
stock_location_stock_751,Stock,PW-MA/Stock,1,internal,Jinasena_MasterData_Stock.stock_location_pw_ma,<p><br></p>,0,0,0,1/750/751/,,,,1,PW-MA/STOCK,0,,Jinasena_MasterData_Stock.stock_warehouse_production_warehouse_for_machining_and_a,,,0,1,,,
stock_location_pw_mw,PW-MW,PW-MW,1,view,,,0,0,0,1/123/,,,,,,0,,Jinasena_MasterData_Stock.stock_warehouse_production_warehouse_pw_mw,,,0,,,,
stock_location_intransit_1024,Intransit,PW-MW/Intransit,1,transit,Jinasena_MasterData_Stock.stock_location_pw_mw,,0,0,0,1/123/1024/,,,,,,0,,Jinasena_MasterData_Stock.stock_warehouse_production_warehouse_pw_mw,,,0,,,,
stock_location_repair_1084,Repair,PW-MW/Repair,1,repair,Jinasena_MasterData_Stock.stock_location_pw_mw,,0,0,0,1/123/1084/,,,,,,0,,Jinasena_MasterData_Stock.stock_warehouse_production_warehouse_pw_mw,,,0,,,,
stock_location_stock_124,Stock,PW-MW/Stock,1,internal,Jinasena_MasterData_Stock.stock_location_pw_mw,,0,0,0,1/123/124/,,,,1,PW-MW-STOCK,0,,Jinasena_MasterData_Stock.stock_warehouse_production_warehouse_pw_mw,,,0,,,,
stock_location_inter_warehouse_transit,Inter-warehouse transit,Physical Locations/Inter-warehouse transit,1,transit,,<p><br></p>,0,0,0,1/13/,,,,,,0,2023-08-04,,,,0,,,,
stock_location_inter_warehouse_transit_193,Inter-warehouse transit,Physical Locations/Inter-warehouse transit,1,transit,,,0,0,0,1/193/,Jinasena_MasterData_Common.res_company_jinasena_agricultural_machinery_pvt_ltd,,,,,0,2026-07-01,,,,0,,,,
stock_location_br_ek_536,BR-EK,Physical Locations/Inter-warehouse transit/BR-EK,1,internal,Jinasena_MasterData_Stock.stock_location_inter_warehouse_transit_193,<p><br></p>,0,0,0,1/193/536/,Jinasena_MasterData_Common.res_company_jinasena_agricultural_machinery_pvt_ltd,,,,,0,,,,,0,,,,
stock_location_subcontracting_location,Subcontracting Location,Physical Locations/Subcontracting Location,1,internal,,,0,0,0,1/386/,Jinasena_MasterData_Common.res_company_jinasena_agricultural_machinery_pvt_ltd,,,,,0,,,,,0,,,,
stock_location_subcontracting_location_387,Subcontracting Location,Physical Locations/Subcontracting Location,1,internal,,,0,0,0,1/387/,,,,,,0,,,,,0,,,,
stock_location_rc_tm,RC-TM,RC-TM,1,view,,,0,0,0,1/166/,,,,,,0,,Jinasena_MasterData_Stock.stock_warehouse_rc_tm_warehouse_for_colombo_sales_center,,,0,,,,
stock_location_rc_tm_935,RC-TM,RC-TM,1,view,,,0,0,0,1/935/,Jinasena_MasterData_Common.res_company_jinasena_agricultural_machinery_pvt_ltd,,,,,0,,Jinasena_MasterData_Stock.stock_warehouse_retail_counter_for_products_implements_a,,,0,,,,
stock_location_intransit_1067,Intransit,RC-TM/Intransit,1,transit,Jinasena_MasterData_Stock.stock_location_rc_tm_935,,0,0,0,1/935/1067/,Jinasena_MasterData_Common.res_company_jinasena_agricultural_machinery_pvt_ltd,,,,,0,,Jinasena_MasterData_Stock.stock_warehouse_retail_counter_for_products_implements_a,,,0,,,,
stock_location_intransit_1072,Intransit,RC-TM/Intransit,1,transit,Jinasena_MasterData_Stock.stock_location_rc_tm,,0,0,0,1/166/1072/,,,,,,0,,Jinasena_MasterData_Stock.stock_warehouse_rc_tm_warehouse_for_colombo_sales_center,,,0,,,,
stock_location_rc_tm_consignment_location,RC-TM-Consignment Location,RC-TM/RC-TM-Consignment Location,1,internal,Jinasena_MasterData_Stock.stock_location_rc_tm,<p><br></p>,0,0,0,1/166/390/,,,,,,0,2023-07-11,Jinasena_MasterData_Stock.stock_warehouse_rc_tm_warehouse_for_colombo_sales_center,,,0,,,,
stock_location_repair_1128,Repair,RC-TM/Repair,1,repair,Jinasena_MasterData_Stock.stock_location_rc_tm_935,,0,0,0,1/935/1128/,Jinasena_MasterData_Common.res_company_jinasena_agricultural_machinery_pvt_ltd,,,,,0,,Jinasena_MasterData_Stock.stock_warehouse_retail_counter_for_products_implements_a,,,0,,,,
stock_location_repair_1133,Repair,RC-TM/Repair,1,repair,Jinasena_MasterData_Stock.stock_location_rc_tm,,0,0,0,1/166/1133/,,,,,,0,,Jinasena_MasterData_Stock.stock_warehouse_rc_tm_warehouse_for_colombo_sales_center,,,0,,,,
stock_location_stock_167,Stock,RC-TM/Stock,1,internal,Jinasena_MasterData_Stock.stock_location_rc_tm,<p><br></p>,0,0,0,1/166/167/,,,,1,RC-TM-STOCK,0,2023-09-29,Jinasena_MasterData_Stock.stock_warehouse_rc_tm_warehouse_for_colombo_sales_center,,,0,,1,,
stock_location_stock_936,Stock,RC-TM/Stock,1,internal,Jinasena_MasterData_Stock.stock_location_rc_tm_935,,0,0,0,1/935/936/,Jinasena_MasterData_Common.res_company_jinasena_agricultural_machinery_pvt_ltd,,,1,RC-TM-STOCK,0,2025-10-07,Jinasena_MasterData_Stock.stock_warehouse_retail_counter_for_products_implements_a,,,0,,,,
stock_location_rc_wm,RC-WM,RC-WM,1,view,,,0,0,0,1/981/,Jinasena_MasterData_Common.res_company_jinasena_agricultural_machinery_pvt_ltd,,,,,0,,Jinasena_MasterData_Stock.stock_warehouse_retail_counter_waste_management,,,0,,,,
stock_location_intransit_1069,Intransit,RC-WM/Intransit,1,transit,Jinasena_MasterData_Stock.stock_location_rc_wm,,0,0,0,1/981/1069/,Jinasena_MasterData_Common.res_company_jinasena_agricultural_machinery_pvt_ltd,,,,,0,,Jinasena_MasterData_Stock.stock_warehouse_retail_counter_waste_management,,,0,,,,
stock_location_repair_1130,Repair,RC-WM/Repair,1,repair,Jinasena_MasterData_Stock.stock_location_rc_wm,,0,0,0,1/981/1130/,Jinasena_MasterData_Common.res_company_jinasena_agricultural_machinery_pvt_ltd,,,,,0,,Jinasena_MasterData_Stock.stock_warehouse_retail_counter_waste_management,,,0,,,,
stock_location_stock_982,Stock,RC-WM/Stock,1,internal,Jinasena_MasterData_Stock.stock_location_rc_wm,,0,0,0,1/981/982/,Jinasena_MasterData_Common.res_company_jinasena_agricultural_machinery_pvt_ltd,,,1,,0,2025-10-07,Jinasena_MasterData_Stock.stock_warehouse_retail_counter_waste_management,,,0,,,,
stock_location_rc_wx,RC-WX,RC-WX,1,view,,,0,0,0,1/927/,Jinasena_MasterData_Common.res_company_jinasena_agricultural_machinery_pvt_ltd,,,,,0,,Jinasena_MasterData_Stock.stock_warehouse_retail_counter_waste_managementx,,,0,,,,
stock_location_intransit_1066,Intransit,RC-WX/Intransit,1,transit,Jinasena_MasterData_Stock.stock_location_rc_wx,,0,0,0,1/927/1066/,Jinasena_MasterData_Common.res_company_jinasena_agricultural_machinery_pvt_ltd,,,,,0,,Jinasena_MasterData_Stock.stock_warehouse_retail_counter_waste_managementx,,,0,,,,
stock_location_repair_1127,Repair,RC-WX/Repair,1,repair,Jinasena_MasterData_Stock.stock_location_rc_wx,,0,0,0,1/927/1127/,Jinasena_MasterData_Common.res_company_jinasena_agricultural_machinery_pvt_ltd,,,,,0,,Jinasena_MasterData_Stock.stock_warehouse_retail_counter_waste_managementx,,,0,,,,
stock_location_stock_928,Stock,RC-WX/Stock,1,internal,Jinasena_MasterData_Stock.stock_location_rc_wx,,0,0,0,1/927/928/,Jinasena_MasterData_Common.res_company_jinasena_agricultural_machinery_pvt_ltd,,,1,RC-MW-STOCK,0,,Jinasena_MasterData_Stock.stock_warehouse_retail_counter_waste_managementx,,,0,,,,
stock_location_rd_jm,RD-JM,RD-JM,1,view,,,0,0,0,1/919/,Jinasena_MasterData_Common.res_company_jinasena_agricultural_machinery_pvt_ltd,,,,,0,,Jinasena_MasterData_Stock.stock_warehouse_research_and_development_jam_factory_eka,,,0,,,,
stock_location_intransit_1065,Intransit,RD-JM/Intransit,1,transit,Jinasena_MasterData_Stock.stock_location_rd_jm,,0,0,0,1/919/1065/,Jinasena_MasterData_Common.res_company_jinasena_agricultural_machinery_pvt_ltd,,,,,0,,Jinasena_MasterData_Stock.stock_warehouse_research_and_development_jam_factory_eka,,,0,,,,
stock_location_repair_1126,Repair,RD-JM/Repair,1,repair,Jinasena_MasterData_Stock.stock_location_rd_jm,,0,0,0,1/919/1126/,Jinasena_MasterData_Common.res_company_jinasena_agricultural_machinery_pvt_ltd,,,,,0,,Jinasena_MasterData_Stock.stock_warehouse_research_and_development_jam_factory_eka,,,0,,,,
stock_location_stock_920,Stock,RD-JM/Stock,1,internal,Jinasena_MasterData_Stock.stock_location_rd_jm,,0,0,0,1/919/920/,Jinasena_MasterData_Common.res_company_jinasena_agricultural_machinery_pvt_ltd,,,1,RD-JM-STOCK,0,2025-10-07,Jinasena_MasterData_Stock.stock_warehouse_research_and_development_jam_factory_eka,,,0,,,,
stock_location_rp_cm,RP-CM,RP-CM,1,view,,,0,0,0,1/333/,,,,,,0,,Jinasena_MasterData_Stock.stock_warehouse_repairs_warehouse_rp_cm,,,0,,,,
stock_location_intransit_1075,Intransit,RP-CM/Intransit,1,transit,Jinasena_MasterData_Stock.stock_location_rp_cm,,0,0,0,1/333/1075/,,,,,,0,,Jinasena_MasterData_Stock.stock_warehouse_repairs_warehouse_rp_cm,,,0,,,,
stock_location_repair_1136,Repair,RP-CM/Repair,1,repair,Jinasena_MasterData_Stock.stock_location_rp_cm,,0,0,0,1/333/1136/,,,,,,0,,Jinasena_MasterData_Stock.stock_warehouse_repairs_warehouse_rp_cm,,,0,,,,
stock_location_stock_334,Stock,RP-CM/Stock,1,internal,Jinasena_MasterData_Stock.stock_location_rp_cm,<p><br></p>,0,0,0,1/333/334/,,,1,1,RP-CM-STOCK,0,2023-09-27,Jinasena_MasterData_Stock.stock_warehouse_repairs_warehouse_rp_cm,,,0,,,1,
stock_location_rp_ek,RP-EK,RP-EK,1,view,,,0,0,0,1/139/,,,,,,0,,Jinasena_MasterData_Stock.stock_warehouse_raw_material_main_warehouse_rp_ek,,,0,,,,
stock_location_finishgood_480,FinishGood,RP-EK/FinishGood,1,internal,Jinasena_MasterData_Stock.stock_location_rp_ek,<p><br></p>,0,0,0,1/139/480/,,,,,,0,,Jinasena_MasterData_Stock.stock_warehouse_raw_material_main_warehouse_rp_ek,,,0,1,,,
stock_location_intransit_1025,Intransit,RP-EK/Intransit,1,transit,Jinasena_MasterData_Stock.stock_location_rp_ek,,0,0,0,1/139/1025/,,,,,,0,,Jinasena_MasterData_Stock.stock_warehouse_raw_material_main_warehouse_rp_ek,,,0,,,,
stock_location_repair_1085,Repair,RP-EK/Repair,1,repair,Jinasena_MasterData_Stock.stock_location_rp_ek,,0,0,0,1/139/1085/,,,,,,0,,Jinasena_MasterData_Stock.stock_warehouse_raw_material_main_warehouse_rp_ek,,,0,,,,
stock_location_stock_140,Stock,RP-EK/Stock,1,internal,Jinasena_MasterData_Stock.stock_location_rp_ek,<p><br></p>,0,0,0,1/139/140/,,,1,1,RP-EK-STOCK,0,2025-05-28,Jinasena_MasterData_Stock.stock_warehouse_raw_material_main_warehouse_rp_ek,,,0,,,,
stock_location_rp_ek_transit,RP-EK/Transit,RP-EK/Transit,1,internal,,<p><br></p>,0,0,0,190/,,,,,,0,2024-06-18,,,,0,,,,
stock_location_rp_jm,RP-JM,RP-JM,1,view,,,0,0,0,1/518/,Jinasena_MasterData_Common.res_company_jinasena_agricultural_machinery_pvt_ltd,,,,,0,,Jinasena_MasterData_Stock.stock_warehouse_repairs_warehouse_rp_jm,,,0,,,,
stock_location_eka,EKA,RP-JM/EKA,1,internal,Jinasena_MasterData_Stock.stock_location_rp_jm,,0,0,0,1/518/963/,Jinasena_MasterData_Common.res_company_jinasena_agricultural_machinery_pvt_ltd,,,,,0,,Jinasena_MasterData_Stock.stock_warehouse_repairs_warehouse_rp_jm,,,0,,,,
stock_location_intransit_1030,Intransit,RP-JM/Intransit,1,transit,Jinasena_MasterData_Stock.stock_location_rp_jm,,0,0,0,1/518/1030/,Jinasena_MasterData_Common.res_company_jinasena_agricultural_machinery_pvt_ltd,,,,,0,2026-08-21,Jinasena_MasterData_Stock.stock_warehouse_repairs_warehouse_rp_jm,,,0,,,,
stock_location_repair_1090,Repair,RP-JM/Repair,1,repair,Jinasena_MasterData_Stock.stock_location_rp_jm,,0,0,0,1/518/1090/,Jinasena_MasterData_Common.res_company_jinasena_agricultural_machinery_pvt_ltd,,,,,0,,Jinasena_MasterData_Stock.stock_warehouse_repairs_warehouse_rp_jm,,,0,,,,
stock_location_stock_519,Stock,RP-JM/Stock,1,internal,Jinasena_MasterData_Stock.stock_location_rp_jm,<p><br></p>,0,0,0,1/518/519/,Jinasena_MasterData_Common.res_company_jinasena_agricultural_machinery_pvt_ltd,,,1,RP-JM-STOCK,0,2026-09-01,Jinasena_MasterData_Stock.stock_warehouse_repairs_warehouse_rp_jm,,,0,,,1,
stock_location_rp_qu,RP-QU,RP-QU,1,view,,,0,0,0,1/360/,,,,,,0,,Jinasena_MasterData_Stock.stock_warehouse_quick_repairs_warehouse_rp_qu,,,0,,,,
stock_location_intransit_1077,Intransit,RP-QU/Intransit,1,transit,Jinasena_MasterData_Stock.stock_location_rp_qu,,0,0,0,1/360/1077/,,,,,,0,,Jinasena_MasterData_Stock.stock_warehouse_quick_repairs_warehouse_rp_qu,,,0,,,,
stock_location_repair_1138,Repair,RP-QU/Repair,1,repair,Jinasena_MasterData_Stock.stock_location_rp_qu,,0,0,0,1/360/1138/,,,,,,0,,Jinasena_MasterData_Stock.stock_warehouse_quick_repairs_warehouse_rp_qu,,,0,,,,
stock_location_stock_361,Stock,RP-QU/Stock,1,internal,Jinasena_MasterData_Stock.stock_location_rp_qu,<p><br></p>,0,0,0,1/360/361/,,,1,1,RP-QU-STOCK,0,2024-05-01,Jinasena_MasterData_Stock.stock_warehouse_quick_repairs_warehouse_rp_qu,,,0,,1,,
stock_location_rp_sc,RP-SC,RP-SC,1,view,,,0,0,0,1/895/,Jinasena_MasterData_Common.res_company_jinasena_agricultural_machinery_pvt_ltd,,,,,0,,Jinasena_MasterData_Stock.stock_warehouse_jam_scrap_warehouse,,,0,,,,
stock_location_intransit_1064,Intransit,RP-SC/Intransit,1,transit,Jinasena_MasterData_Stock.stock_location_rp_sc,,0,0,0,1/895/1064/,Jinasena_MasterData_Common.res_company_jinasena_agricultural_machinery_pvt_ltd,,,,,0,,Jinasena_MasterData_Stock.stock_warehouse_jam_scrap_warehouse,,,0,,,,
stock_location_repair_1125,Repair,RP-SC/Repair,1,repair,Jinasena_MasterData_Stock.stock_location_rp_sc,,0,0,0,1/895/1125/,Jinasena_MasterData_Common.res_company_jinasena_agricultural_machinery_pvt_ltd,,,,,0,,Jinasena_MasterData_Stock.stock_warehouse_jam_scrap_warehouse,,,0,,,,
stock_location_stock_896,Stock,RP-SC/Stock,1,internal,Jinasena_MasterData_Stock.stock_location_rp_sc,,0,0,0,1/895/896/,Jinasena_MasterData_Common.res_company_jinasena_agricultural_machinery_pvt_ltd,,,1,RP-SC-STOCK,0,2025-10-07,Jinasena_MasterData_Stock.stock_warehouse_jam_scrap_warehouse,,,0,,,,
stock_location_sp_rc,SP-RC,SP-RC,1,view,,,0,0,0,1/99/,,,,,,0,,Jinasena_MasterData_Stock.stock_warehouse_retail_sales_counter_sp_sp_rc,,,0,,,,
stock_location_intransit_1019,Intransit,SP-RC/Intransit,1,transit,Jinasena_MasterData_Stock.stock_location_sp_rc,,0,0,0,1/99/1019/,,,,,,0,,Jinasena_MasterData_Stock.stock_warehouse_retail_sales_counter_sp_sp_rc,,,0,,,,
stock_location_repair_1079,Repair,SP-RC/Repair,1,repair,Jinasena_MasterData_Stock.stock_location_sp_rc,,0,0,0,1/99/1079/,,,,,,0,,Jinasena_MasterData_Stock.stock_warehouse_retail_sales_counter_sp_sp_rc,,,0,,,,
stock_location_stock_100,Stock,SP-RC/Stock,1,internal,Jinasena_MasterData_Stock.stock_location_sp_rc,,0,0,0,1/99/100/,,,,1,MW-JE-STOCK,0,2024-07-23,Jinasena_MasterData_Stock.stock_warehouse_retail_sales_counter_sp_sp_rc,,,0,,,,
stock_location_transit_209,Transit,SP-RC/Transit,1,internal,Jinasena_MasterData_Stock.stock_location_sp_rc,<p><br></p>,0,0,0,1/99/209/,,,,,,0,,Jinasena_MasterData_Stock.stock_warehouse_retail_sales_counter_sp_sp_rc,,,0,,,,
stock_location_td_ho,TD-HO,TD-HO,1,view,,,0,0,0,1/1005/,Jinasena_MasterData_Common.res_company_jinasena_agricultural_machinery_pvt_ltd,,,,,0,,Jinasena_MasterData_Stock.stock_warehouse_tender_warehouse_head_office,,,0,,,,
stock_location_intransit_1070,Intransit,TD-HO/Intransit,1,transit,Jinasena_MasterData_Stock.stock_location_td_ho,,0,0,0,1/1005/1070/,Jinasena_MasterData_Common.res_company_jinasena_agricultural_machinery_pvt_ltd,,,,,0,,Jinasena_MasterData_Stock.stock_warehouse_tender_warehouse_head_office,,,0,,,,
stock_location_repair_1131,Repair,TD-HO/Repair,1,repair,Jinasena_MasterData_Stock.stock_location_td_ho,,0,0,0,1/1005/1131/,Jinasena_MasterData_Common.res_company_jinasena_agricultural_machinery_pvt_ltd,,,,,0,,Jinasena_MasterData_Stock.stock_warehouse_tender_warehouse_head_office,,,0,,,,
stock_location_stock_1006,Stock,TD-HO/Stock,1,internal,Jinasena_MasterData_Stock.stock_location_td_ho,,0,0,0,1/1005/1006/,Jinasena_MasterData_Common.res_company_jinasena_agricultural_machinery_pvt_ltd,,,1,TD-HO-STOCK,0,,Jinasena_MasterData_Stock.stock_warehouse_tender_warehouse_head_office,,,0,,,,
stock_location_test,TEST,TEST,1,view,,,0,0,0,1/726/,Jinasena_MasterData_Common.res_company_jinasena_agricultural_machinery_pvt_ltd,,,,,0,,,,,0,,,,
stock_location_stock_727,Stock,TEST/Stock,1,internal,Jinasena_MasterData_Stock.stock_location_test,,0,0,0,1/726/727/,Jinasena_MasterData_Common.res_company_jinasena_agricultural_machinery_pvt_ltd,,,,TEST-STOCK,0,,,,,0,,,,
stock_location_tv_sc,TV-SC,TV-SC,1,view,,,0,0,0,1/406/,,,,,,0,,,,,0,,,,
stock_location_temp,Temp,Temp,1,view,Jinasena_MasterData_Stock.stock_location_mw_ek,<p><br></p>,0,0,0,1/182/766/,,,,,,0,,Jinasena_MasterData_Stock.stock_warehouse_main_warehouse_mw_ek_22,,,0,,,,1
stock_location_inventory_adjustment,Inventory adjustment,Virtual Locations/Inventory adjustment,1,inventory,,,0,0,0,3/14/,,,,,,0,,,,,0,,,,
stock_location_inventory_adjustment_194,Inventory adjustment,Virtual Locations/Inventory adjustment,1,inventory,,<p><br></p>,0,0,0,3/194/,Jinasena_MasterData_Common.res_company_jinasena_agricultural_machinery_pvt_ltd,,,,,0,2025-07-24,,Jinasena_MasterData_Accounting.account_account_opening_balance_suspense,Jinasena_MasterData_Accounting.account_account_opening_balance_suspense,0,,,,
stock_location_mj,MJ,Virtual Locations/MJ,1,inventory,,<p><br></p>,0,0,0,3/385/,,,,,,0,,,,,0,,,,
stock_location_mr,MR,Virtual Locations/MR,1,inventory,,<p><br></p>,0,0,0,3/205/,,,,,,0,,,,,0,,,,
stock_location_production,Production,Virtual Locations/Production,1,production,,<p><br></p>,0,0,0,3/15/,,,,,,0,,,,,0,,,,
stock_location_production_195,Production,Virtual Locations/Production,1,production,,,0,0,0,3/195/,Jinasena_MasterData_Common.res_company_jinasena_agricultural_machinery_pvt_ltd,,,,,0,,,,,0,,,,
stock_location_production_256,Production,Virtual Locations/Production,1,internal,,<p><br></p>,0,0,0,3/256/,,,,,,0,,,,,0,,,,
stock_location_repair_br_av,Repair/BR-AV,Virtual Locations/Repair/BR-AV,1,inventory,,<p><br></p>,0,0,0,3/1017/,Jinasena_MasterData_Common.res_company_jinasena_agricultural_machinery_pvt_ltd,,1,,,0,,,,,0,,,,
stock_location_repair_br_ne,Repair/BR-NE,Virtual Locations/Repair/BR-NE,1,inventory,,<p><br></p>,0,0,0,3/1016/,Jinasena_MasterData_Common.res_company_jinasena_agricultural_machinery_pvt_ltd,,1,,,0,,,,,0,,,,
stock_location_repair_colombo,Repair/Colombo,Virtual Locations/Repair/Colombo,1,inventory,,<p><br></p>,0,0,0,3/255/,,,1,,,0,,,,,0,,,,
stock_location_repair_ekala,Repair/Ekala,Virtual Locations/Repair/Ekala,1,inventory,,<p><br></p>,0,0,0,3/389/,,,1,,,0,,,,,0,,,,
stock_location_repair_ekala_667,Repair/Ekala,Virtual Locations/Repair/Ekala,1,inventory,,<p><br></p>,0,0,0,3/667/,Jinasena_MasterData_Common.res_company_jinasena_agricultural_machinery_pvt_ltd,,1,,,0,,,,,0,,,,
stock_location_repair_rp_qu,Repair/RP-QU,Virtual Locations/Repair/RP-QU,1,inventory,,<p><br></p>,0,0,0,3/415/,,,1,,,0,,,,,0,,,,
stock_location_scrap,Scrap,Virtual Locations/Scrap,1,inventory,,,0,0,0,3/16/,,1,,,,0,,,,,0,,,,
stock_location_scrap_196,Scrap,Virtual Locations/Scrap,1,inventory,,,0,0,0,3/196/,Jinasena_MasterData_Common.res_company_jinasena_agricultural_machinery_pvt_ltd,1,,,,0,,,,,0,,,,
